scenario,seed,tick,warmup,cpi,cpi_food,cpi_leisure,cpi_clothing,cpi_hobby,cpi_electronics,cpi_appliances,money_stock,loans_outstanding,loans_live,pool,money_created,money_destroyed,rationed,abstainer_households,abstainer_cash,abstainer_loans_outstanding,abstainer_debt_service,abstainer_spend,abstainer_quality,abstainer_wanted,abstainer_obtained,abstainer_wait_median,abstainer_wait_median_met,abstainer_food_wanted,abstainer_food_obtained,abstainer_food_spend,abstainer_food_budget_units,abstainer_food_standard_units,abstainer_food_premium_units,abstainer_leisure_wanted,abstainer_leisure_obtained,abstainer_leisure_spend,abstainer_leisure_budget_units,abstainer_leisure_standard_units,abstainer_leisure_premium_units,abstainer_clothing_wanted,abstainer_clothing_obtained,abstainer_clothing_spend,abstainer_clothing_budget_units,abstainer_clothing_standard_units,abstainer_clothing_premium_units,abstainer_hobby_wanted,abstainer_hobby_obtained,abstainer_hobby_spend,abstainer_hobby_budget_units,abstainer_hobby_standard_units,abstainer_hobby_premium_units,abstainer_electronics_wanted,abstainer_electronics_obtained,abstainer_electronics_spend,abstainer_electronics_budget_units,abstainer_electronics_standard_units,abstainer_electronics_premium_units,abstainer_appliances_wanted,abstainer_appliances_obtained,abstainer_appliances_spend,abstainer_appliances_budget_units,abstainer_appliances_standard_units,abstainer_appliances_premium_units,borrower_households,borrower_cash,borrower_loans_outstanding,borrower_debt_service,borrower_spend,borrower_quality,borrower_wanted,borrower_obtained,borrower_wait_median,borrower_wait_median_met,borrower_food_wanted,borrower_food_obtained,borrower_food_spend,borrower_food_budget_units,borrower_food_standard_units,borrower_food_premium_units,borrower_leisure_wanted,borrower_leisure_obtained,borrower_leisure_spend,borrower_leisure_budget_units,borrower_leisure_standard_units,borrower_leisure_premium_units,borrower_clothing_wanted,borrower_clothing_obtained,borrower_clothing_spend,borrower_clothing_budget_units,borrower_clothing_standard_units,borrower_clothing_premium_units,borrower_hobby_wanted,borrower_hobby_obtained,borrower_hobby_spend,borrower_hobby_budget_units,borrower_hobby_standard_units,borrower_hobby_premium_units,borrower_electronics_wanted,borrower_electronics_obtained,borrower_electronics_spend,borrower_electronics_budget_units,borrower_electronics_standard_units,borrower_electronics_premium_units,borrower_appliances_wanted,borrower_appliances_obtained,borrower_appliances_spend,borrower_appliances_budget_units,borrower_appliances_standard_units,borrower_appliances_premium_units
credit_off,3,1,1,1.000000,1.000000,1.000000,1.000000,1.000000,1.000000,1.000000,16196556.50,0.00,0,15327791.98,0.00,0.00,0,195,166963.54,0.00,0.00,84920.00,318.080000,441,368,0.000000,0.000000,195,161,40020.00,83,71,7,195,173,30200.00,85,73,15,25,19,6000.00,10,9,0,19,11,6600.00,4,5,2,5,3,1620.00,3,0,0,2,1,480.00,1,0,0,805,701800.98,0.00,0.00,342040.00,1281.760000,1838,1488,0.000000,0.000000,805,663,164940.00,317,329,17,805,673,116600.00,315,313,45,127,93,28720.00,57,34,2,60,41,17640.00,29,12,0,35,15,12060.00,8,5,2,6,3,2080.00,1,2,0
credit_off,3,2,1,0.986865,0.991107,0.987400,0.976778,0.975298,0.988378,0.966000,16196556.50,0.00,0,15227535.12,0.00,0.00,0,195,185903.71,0.00,0.00,107001.60,380.560000,461,408,0.000000,0.000000,195,180,52210.97,74,75,31,195,186,35994.70,74,80,32,40,23,7209.88,12,11,0,24,15,8109.60,5,9,1,5,3,3008.45,1,1,1,2,1,468.00,1,0,0,805,783117.67,0.00,0.00,440603.80,1569.240000,1933,1711,0.000000,0.000000,805,751,209500.47,326,325,100,805,776,148284.10,326,320,130,189,101,33656.96,55,38,8,79,55,27273.77,28,24,3,43,22,17556.50,10,10,2,12,6,4332.00,3,2,1
credit_off,3,3,1,0.991477,1.002073,0.990220,0.970694,0.963195,0.996527,0.959400,16196556.50,0.00,0,15200878.65,0.00,0.00,0,195,189009.67,0.00,0.00,122835.81,422.480000,474,438,0.000000,0.000000,195,195,60171.60,75,75,45,195,193,39090.39,69,84,40,52,32,12150.36,14,12,6,21,12,6914.04,6,3,3,8,4,3257.52,1,3,0,3,2,1251.90,1,1,0,805,806668.18,0.00,0.00,498369.98,1706.880000,1983,1800,0.000000,0.000000,805,801,239711.20,321,325,155,805,783,156056.57,307,316,160,226,123,44614.40,53,55,15,98,67,38125.79,27,28,12,37,20,16106.32,10,8,2,12,6,3755.70,3,3,0
credit_off,3,4,1,1.006267,1.023420,0.998620,0.989675,0.963301,1.003724,0.969273,16196556.50,0.00,0,15200924.50,0.00,0.00,0,195,194508.61,0.00,0.00,120442.83,409.680000,460,426,0.000000,0.000000,195,195,60746.21,79,72,44,195,192,39522.63,69,81,42,42,23,8078.45,12,9,2,18,9,5012.88,3,5,1,8,6,6566.69,2,1,3,2,1,515.97,1,0,0,805,801123.39,0.00,0.00,527465.28,1747.560000,1989,1833,0.000000,0.000000,805,803,245910.37,319,328,156,805,785,157433.55,308,319,158,225,144,57873.52,55,58,31,98,72,42455.36,28,28,16,42,22,19088.49,9,10,3,14,7,4703.99,3,4,0
credit_off,3,5,1,1.019093,1.038753,1.006870,1.010437,0.966291,1.023337,0.976193,16196556.50,0.00,0,15208517.05,0.00,0.00,0,195,184277.86,0.00,0.00,136172.52,439.520000,489,452,0.000000,0.000000,195,195,63270.15,60,96,39,195,191,39038.37,64,92,35,57,37,15434.21,14,14,9,31,23,13548.27,9,9,5,8,5,4072.78,2,3,0,3,1,808.74,0,1,0,805,803761.59,0.00,0.00,519282.29,1721.760000,1971,1814,0.000000,0.000000,805,805,248355.85,340,304,161,805,793,160415.63,320,308,165,211,130,51901.31,53,53,24,92,57,33705.24,21,24,12,40,21,19107.21,9,8,4,18,8,5797.05,4,3,1
credit_off,3,6,1,1.026310,1.045293,1.010580,1.029585,0.974488,1.028545,0.997380,16196556.50,0.00,0,15216107.84,0.00,0.00,0,195,174852.46,0.00,0.00,135367.17,432.240000,492,452,0.000000,0.000000,195,195,61487.19,74,83,38,195,191,38982.24,68,87,36,61,40,15929.05,18,15,7,26,15,8577.32,5,8,2,12,9,8983.44,2,5,2,3,2,1407.93,1,1,0,805,805596.20,0.00,0.00,520085.88,1720.720000,1977,1802,0.000000,0.000000,805,805,252100.81,326,317,162,805,793,161217.60,316,313,164,214,120,50756.30,42,52,26,107,64,38048.81,27,22,15,32,12,11391.25,5,4,3,14,8,6571.11,3,3,2
credit_off,3,7,1,1.028345,1.047127,1.011520,1.040448,0.973370,1.016971,1.024005,16196556.50,0.00,0,15205708.29,0.00,0.00,0,195,177177.69,0.00,0.00,123616.54,407.480000,469,429,0.000000,0.000000,195,195,59346.57,82,80,33,195,191,38279.20,73,84,34,40,22,9732.66,6,11,5,28,15,10291.10,3,7,5,9,5,5096.47,2,1,2,2,1,870.54,0,1,0,805,813670.52,0.00,0.00,513846.17,1702.880000,1946,1774,0.000000,0.000000,805,803,254422.11,316,320,167,805,790,161753.92,308,316,166,187,109,46494.65,46,35,28,95,50,30068.04,20,18,12,37,15,14937.89,4,7,4,17,7,6169.56,2,3,2
credit_off,3,8,1,1.028170,1.048813,1.011120,1.039217,0.966037,1.010991,1.031843,16196556.50,0.00,0,15179917.59,0.00,0.00,0,195,190326.76,0.00,0.00,112792.70,388.520000,471,423,0.000000,0.000000,195,191,57653.94,79,83,29,195,193,36599.05,79,90,24,41,21,7586.41,12,7,2,29,13,6435.85,7,5,1,8,4,3955.88,1,2,1,3,1,561.57,1,0,0,805,826312.15,0.00,0.00,509278.86,1686.800000,1972,1772,0.000000,0.000000,805,800,252024.76,321,317,162,805,791,160084.42,320,310,161,179,100,38989.71,48,37,15,114,56,36220.72,13,28,15,49,20,18140.85,10,5,5,20,5,3818.40,3,1,1
credit_off,3,9,1,1.026333,1.049680,1.011220,1.022206,0.960942,1.010806,1.021663,16196556.50,0.00,0,15183681.13,0.00,0.00,0,195,189626.20,0.00,0.00,126642.33,414.760000,493,445,0.000000,0.000000,195,195,59335.50,80,84,31,195,191,37731.10,74,86,31,52,32,12132.41,15,13,4,33,17,8485.14,8,8,1,11,5,5119.77,2,1,2,7,5,3838.41,3,1,1,805,823249.17,0.00,0.00,524983.47,1724.080000,2017,1802,0.000000,0.000000,805,804,255383.68,319,316,169,805,788,162009.28,305,314,169,202,123,47880.55,52,54,17,133,59,34658.64,25,20,14,52,23,20716.43,9,10,4,20,5,4334.89,1,3,1
credit_off,3,10,1,1.030100,1.053500,1.013450,1.027064,0.959517,1.024931,1.052113,16196556.50,0.00,0,15192401.82,0.00,0.00,0,195,191703.53,0.00,0.00,123864.44,408.240000,485,428,0.000000,0.000000,195,195,61549.18,77,80,38,195,188,38315.68,70,82,36,43,21,8635.34,8,9,4,37,18,9937.50,6,10,2,10,3,3068.99,1,1,1,5,3,2357.75,1,2,0,805,812451.15,0.00,0.00,532718.51,1740.000000,2031,1822,0.000000,0.000000,805,803,254131.22,321,320,162,805,792,161996.12,310,318,164,223,143,58993.77,56,58,29,125,56,30943.80,24,23,9,51,21,20594.45,6,10,5,22,7,6059.15,3,2,2
credit_off,3,11,1,1.032091,1.055040,1.013940,1.036044,0.957575,1.026550,1.076110,16196556.50,0.00,0,15184986.42,0.00,0.00,0,195,197631.12,0.00,0.00,120014.18,400.800000,495,426,0.000000,0.000000,195,183,57910.48,77,67,39,195,193,37888.38,85,73,35,59,35,14117.52,18,9,8,31,11,6740.43,4,4,3,11,2,1553.55,1,1,0,4,2,1803.82,0,2,0,805,813938.96,0.00,0.00,520432.68,1692.080000,2051,1778,0.000000,0.000000,805,758,239160.43,323,274,161,805,790,160178.85,311,324,155,210,132,54924.48,49,58,25,156,72,41176.63,29,29,14,53,18,18187.23,5,8,5,22,8,6805.06,4,2,2
credit_off,3,12,1,1.032019,1.053653,1.012770,1.041105,0.965070,1.013836,1.103165,16196556.50,0.00,0,15171767.05,0.00,0.00,0,195,193926.13,0.00,0.00,129646.76,420.560000,510,450,0.000000,0.000000,195,191,58317.67,81,78,32,195,193,39459.11,79,72,42,64,40,13798.32,26,11,3,36,18,11228.90,8,4,6,15,6,4592.82,3,3,0,5,2,2249.94,0,1,1,805,830863.32,0.00,0.00,504996.13,1672.640000,2042,1764,0.000000,0.000000,805,781,242261.29,319,322,140,805,795,161429.25,310,328,157,198,100,41725.26,41,38,21,156,63,35072.44,25,29,9,56,20,19789.90,7,7,6,22,5,4717.99,1,3,1
credit_off,3,13,1,1.032211,1.054960,1.012920,1.035590,0.967613,1.010841,1.105620,16196556.50,0.00,0,15171341.82,0.00,0.00,0,195,199546.37,0.00,0.00,120321.53,402.480000,482,424,1.000000,0.000000,195,193,60899.90,76,80,37,195,190,37316.98,84,71,35,46,26,11824.92,8,10,8,29,12,7836.81,2,7,3,14,3,2442.92,1,2,0,3,0,0.00,0,0,0,805,825668.31,0.00,0.00,527115.50,1718.600000,2038,1793,1.000000,0.000000,805,805,255214.70,322,320,163,805,785,160528.67,311,309,165,207,124,52499.75,42,57,25,134,50,32654.88,11,25,14,64,24,22475.24,10,8,6,23,5,3742.26,4,0,1
credit_off,3,14,1,1.033438,1.058460,1.012080,1.041511,0.961663,1.011409,1.081178,16196556.50,0.00,0,15153628.72,0.00,0.00,0,195,201886.37,0.00,0.00,123601.77,410.600000,482,427,1.000000,0.000000,195,194,61900.98,68,92,34,195,191,39484.17,65,89,37,41,22,9027.43,9,9,4,32,14,8942.78,4,6,4,14,4,2746.38,3,1,0,5,2,1500.03,1,1,0,805,841041.41,0.00,0.00,506547.39,1673.680000,2022,1774,1.000000,0.000000,805,794,248983.86,332,308,154,805,794,159452.33,327,311,156,183,99,39979.94,43,39,17,139,57,30713.50,28,20,9,64,23,21593.02,8,10,5,26,7,5824.74,3,3,1
credit_off,3,15,1,1.032170,1.060033,1.012610,1.026212,0.953207,1.011434,1.086090,16196556.50,0.00,0,15160241.88,0.00,0.00,0,195,197393.36,0.00,0.00,130434.78,422.760000,493,435,0.000000,0.000000,195,193,63993.47,75,69,49,195,191,39326.49,74,76,41,51,32,14052.26,11,12,9,30,14,7599.40,6,6,2,16,4,4837.08,0,2,2,6,1,626.08,1,0,0,805,838921.26,0.00,0.00,524040.64,1707.440000,2064,1800,0.000000,0.000000,805,799,251362.85,325,323,151,805,785,158215.51,326,300,159,207,127,51421.77,53,50,24,149,61,37029.25,20,26,15,64,19,17948.62,6,9,4,34,9,8062.64,3,4,2
credit_off,3,16,1,1.034597,1.064360,1.012060,1.027041,0.953083,1.011308,1.129138,16196556.50,0.00,0,15124912.10,0.00,0.00,0,195,211495.96,0.00,0.00,111839.17,387.200000,479,412,1.000000,0.000000,195,185,57535.22,72,84,29,195,194,39352.03,77,78,39,40,20,7288.82,9,10,1,25,8,4608.20,2,5,1,19,4,2397.52,4,0,0,5,1,657.38,1,0,0,805,860148.44,0.00,0.00,500693.31,1658.320000,2096,1776,0.000000,0.000000,805,765,233795.78,328,316,121,805,789,158371.63,317,322,150,223,129,48965.54,58,57,14,160,67,37194.08,31,23,13,69,17,13990.56,7,9,1,34,9,8375.72,3,4,2
credit_off,3,17,1,1.033792,1.062080,1.011770,1.031326,0.949658,1.002178,1.171355,16196556.50,0.00,0,15136390.70,0.00,0.00,0,195,201441.01,0.00,0.00,135996.72,434.920000,510,451,0.000000,0.000000,195,195,64423.09,59,99,37,195,193,39054.61,71,87,35,55,34,14455.78,14,11,9,40,22,12516.65,10,7,5,18,6,4856.34,4,1,1,7,1,690.25,1,0,0,805,858724.79,0.00,0.00,523344.14,1715.120000,2091,1806,1.000000,0.000000,805,804,254012.67,340,301,163,805,794,161406.13,320,309,165,226,121,49106.77,53,44,24,150,61,35004.25,23,26,12,73,17,15133.73,5,10,2,32,9,8680.59,3,4,2
credit_off,3,18,1,1.038177,1.066347,1.012100,1.043231,0.962518,0.996513,1.197993,16196556.50,0.00,0,15126961.98,0.00,0.00,0,195,202695.77,0.00,0.00,124687.01,409.120000,510,434,0.000000,0.000000,195,187,59095.50,73,81,33,195,192,38281.01,74,85,33,61,35,13691.89,15,16,4,33,14,7903.87,5,7,2,16,2,2347.54,0,1,1,10,4,3367.20,2,2,0,805,866898.75,0.00,0.00,513746.53,1677.320000,2070,1771,1.000000,0.000000,805,763,239003.14,327,292,144,805,793,159820.47,324,311,158,205,126,54168.07,46,51,29,153,66,38491.77,28,23,15,74,17,16046.34,7,5,5,28,6,6216.74,2,2,2
credit_off,3,19,1,1.037758,1.064193,1.011020,1.048637,0.967228,0.991034,1.214723,16196556.50,0.00,0,15117228.92,0.00,0.00,0,195,207793.94,0.00,0.00,120843.60,398.360000,501,433,1.000000,0.000000,195,190,57342.55,79,86,25,195,187,35380.30,79,84,24,52,33,13403.88,15,12,6,34,18,10889.14,6,8,4,18,3,2110.67,2,1,0,7,2,1717.06,1,1,0,805,871533.64,0.00,0.00,517285.60,1673.040000,2063,1768,1.000000,0.000000,805,783,246956.64,321,314,148,805,774,152757.18,321,316,137,203,123,53445.72,41,55,27,137,57,34622.25,19,25,13,84,25,23220.15,9,10,6,29,6,6283.66,2,2,2
credit_off,3,20,0,1.038531,1.064693,1.009210,1.051282,0.968369,1.010423,1.212903,16196556.50,0.00,0,15111684.79,0.00,0.00,0,195,212784.97,0.00,0.00,120950.74,402.720000,491,430,2.000000,0.000000,195,195,60552.87,81,81,33,195,193,38791.61,73,85,35,41,20,7729.71,9,9,2,29,13,5989.88,9,3,1,23,6,5185.60,1,5,0,8,3,2701.07,1,2,0,805,872086.74,0.00,0.00,521367.39,1704.480000,2039,1784,1.000000,0.000000,805,802,258285.25,316,319,167,805,795,161629.35,315,315,165,179,99,40864.69,43,37,19,136,61,35889.83,24,24,13,83,20,17696.12,10,6,4,31,7,7002.15,3,2,2
credit_off,3,21,0,1.041090,1.071007,1.011270,1.035175,0.963933,1.028300,1.237435,16196556.50,0.00,0,15121931.68,0.00,0.00,0,195,209076.26,0.00,0.00,129650.48,416.160000,510,438,0.000000,0.000000,195,194,62173.12,79,76,39,195,189,37985.49,82,67,40,53,33,14043.15,13,12,8,33,15,8250.13,6,7,2,25,5,4647.17,2,2,1,9,2,2551.42,0,1,1,805,865548.56,0.00,0.00,528458.67,1704.880000,2082,1794,1.000000,0.000000,805,804,258603.66,320,323,161,805,774,156276.20,318,298,158,207,128,51278.66,53,55,20,134,58,34849.32,22,22,14,97,23,21636.17,9,9,5,34,7,5814.66,4,3,0
credit_off,3,22,0,1.042049,1.072027,1.009970,1.033077,0.958803,1.060038,1.257828,16196556.50,0.00,0,15114161.38,0.00,0.00,0,195,213560.89,0.00,0.00,121457.14,393.600000,500,414,1.000000,0.000000,195,180,57684.21,78,63,39,195,188,38622.44,72,76,40,40,20,7609.80,9,9,2,36,18,10145.17,7,8,3,23,4,3540.46,3,0,1,11,4,3855.06,1,3,0,805,868834.23,0.00,0.00,518634.82,1679.120000,2071,1760,1.000000,0.000000,805,755,239682.99,322,283,150,805,791,160881.38,307,324,160,208,128,55012.63,46,51,31,132,58,34683.21,20,25,13,87,22,22167.05,6,11,5,34,6,6207.56,3,1,2
credit_off,3,23,0,1.041113,1.070007,1.009680,1.029412,0.956811,1.064944,1.292100,16196556.50,0.00,0,15110206.65,0.00,0.00,0,195,214682.81,0.00,0.00,124819.85,408.920000,510,435,1.000000,0.000000,195,195,61702.63,78,82,35,195,190,37911.87,76,79,35,54,31,11487.45,17,10,4,29,12,6450.64,6,4,2,27,7,7267.26,2,3,2,10,0,0.00,0,0,0,805,871667.04,0.00,0.00,519087.68,1689.360000,2079,1774,1.000000,0.000000,805,803,258916.61,320,318,165,805,778,157398.53,324,289,165,201,102,40192.66,50,33,19,146,71,41428.18,27,29,15,87,16,16212.77,5,7,4,35,4,4938.93,1,1,2
credit_off,3,24,0,1.040518,1.071307,1.008660,1.023536,0.959399,1.063335,1.258360,16196556.50,0.00,0,15087041.61,0.00,0.00,0,195,215936.64,0.00,0.00,124687.94,407.000000,523,437,1.000000,0.000000,195,189,57859.40,82,78,29,195,195,38748.27,76,85,34,58,29,10971.29,13,13,3,35,14,7425.05,5,8,1,28,8,7952.12,3,3,2,12,2,1731.81,1,1,0,805,893578.25,0.00,0.00,500009.28,1662.280000,2105,1769,1.000000,0.000000,805,777,244569.44,318,322,137,805,792,159276.79,320,315,157,225,119,44601.04,54,54,11,138,61,32506.00,28,25,8,92,14,13307.66,8,2,4,40,6,5748.35,3,2,1
credit_off,3,25,0,1.041063,1.071467,1.007930,1.034790,0.958311,1.058887,1.242195,16196556.50,0.00,0,15098356.94,0.00,0.00,0,195,213976.75,0.00,0.00,127901.66,417.440000,519,442,1.000000,0.000000,195,195,62116.18,85,69,41,195,190,37933.00,75,80,35,62,37,14096.09,18,15,4,33,17,10832.98,5,7,5,21,2,1919.22,0,2,0,13,1,1004.19,0,1,0,805,884222.81,0.00,0.00,531275.93,1726.440000,2104,1803,1.000000,0.000000,805,803,258939.66,313,331,159,805,791,160875.43,312,314,165,229,130,54862.30,49,52,29,127,55,32037.93,22,21,12,98,18,18061.25,5,9,4,40,6,6499.36,2,2,2
credit_off,3,26,0,1.045099,1.075487,1.007590,1.065006,0.954218,1.045026,1.246113,16196556.50,0.00,0,15084384.55,0.00,0.00,0,195,213457.82,0.00,0.00,126460.70,411.720000,501,425,3.000000,0.000000,195,193,62933.09,67,91,35,195,190,38534.06,68,87,35,45,24,11451.15,5,12,7,30,13,8751.02,2,7,4,23,3,3102.71,1,1,1,13,2,1688.67,1,1,0,805,898714.13,0.00,0.00,507429.17,1668.480000,2084,1764,2.000000,0.000000,805,788,249108.82,333,309,146,805,788,158939.48,316,313,159,198,108,47830.42,38,44,26,129,55,28904.82,28,19,8,104,19,16054.07,9,9,1,43,6,6591.56,2,2,2
credit_off,3,27,0,1.043047,1.076120,1.007050,1.058264,0.944135,1.030252,1.235563,16196556.50,0.00,0,15060836.74,0.00,0.00,0,195,220377.62,0.00,0.00,119021.97,393.400000,512,415,1.500000,0.000000,195,183,57893.72,82,64,37,195,189,37556.03,80,72,37,54,28,13427.34,8,10,10,31,10,5667.56,4,4,2,25,5,4477.32,1,4,0,12,0,0.00,0,0,0,805,915342.14,0.00,0.00,505292.48,1639.400000,2110,1731,1.000000,0.000000,805,747,241352.98,318,266,163,805,772,153830.32,320,302,150,218,123,51363.31,51,49,23,135,64,36375.48,29,20,15,105,19,17076.77,10,5,4,42,6,5293.62,2,4,0
credit_off,3,28,0,1.041154,1.075773,1.005250,1.053971,0.943886,1.020900,1.206868,16196556.50,0.00,0,15038833.45,0.00,0.00,0,195,227568.26,0.00,0.00,118751.13,395.640000,505,417,3.000000,0.000000,195,187,59171.75,73,83,31,195,192,39286.65,70,83,39,46,20,7835.15,7,12,1,29,9,4896.28,3,5,1,27,7,6219.06,3,3,1,13,2,1342.24,2,0,0,805,930154.79,0.00,0.00,507107.84,1662.520000,2125,1769,1.000000,0.000000,805,765,236791.61,327,317,121,805,789,157604.94,319,317,153,223,129,54558.34,49,55,25,138,63,36065.14,30,17,16,106,20,19218.82,7,8,5,48,3,2868.99,2,0,1
credit_off,3,29,0,1.040926,1.076033,1.005340,1.050039,0.941080,1.032501,1.189625,16196556.50,0.00,0,15040057.12,0.00,0.00,0,195,217831.68,0.00,0.00,135678.35,427.440000,530,448,1.000000,0.000000,195,195,63381.40,81,71,43,195,194,39037.75,81,72,41,57,29,12877.01,12,8,9,42,20,10461.48,10,7,3,27,8,7727.45,3,3,2,14,2,2193.26,1,0,1,805,938667.70,0.00,0.00,513407.58,1686.440000,2102,1767,2.000000,0.000000,805,799,258258.48,313,329,157,805,789,160021.02,302,328,159,196,96,38332.61,55,19,22,136,63,36630.15,23,26,14,105,12,12841.58,2,6,4,55,8,7323.74,3,4,1
credit_off,3,30,0,1.044609,1.082520,1.007050,1.040729,0.953773,1.021118,1.237473,16196556.50,0.00,0,15036124.22,0.00,0.00,0,195,223050.00,0.00,0.00,120723.45,391.080000,526,421,1.000000,0.000000,195,184,58010.81,83,66,35,195,184,35019.04,85,69,30,57,32,13358.19,10,17,5,36,15,8159.48,6,7,2,25,5,4612.92,2,2,1,18,1,1563.01,0,0,1,805,937382.28,0.00,0.00,523205.91,1695.120000,2132,1778,2.000000,0.000000,805,785,256245.49,317,303,165,805,778,158541.68,315,293,170,219,127,50611.69,57,50,20,139,67,38569.96,27,26,14,112,14,13203.24,5,6,3,52,7,6033.85,3,4,0
credit_off,3,31,0,1.045511,1.083773,1.005720,1.052534,0.958155,1.004911,1.223080,16196556.50,0.00,0,15028116.74,0.00,0.00,0,195,223537.99,0.00,0.00,125453.78,403.080000,538,439,1.000000,0.000000,195,185,56142.01,85,74,26,195,190,36755.60,84,73,33,62,37,14375.56,19,13,5,39,19,11768.92,8,5,6,28,8,6411.69,5,2,1,19,0,0.00,0,0,0,805,944901.77,0.00,0.00,514401.00,1669.040000,2136,1772,2.000000,0.000000,805,765,240997.99,315,326,124,805,787,156151.18,316,327,144,222,130,55765.28,48,54,28,129,63,35810.75,24,28,11,115,18,17415.10,6,7,5,60,9,8260.70,4,4,1
credit_off,3,32,0,1.049048,1.083787,1.005380,1.075901,0.967660,1.011402,1.243740,16196556.50,0.00,0,15031813.33,0.00,0.00,0,195,229550.23,0.00,0.00,119929.53,397.920000,518,426,2.000000,0.000000,195,193,61017.24,78,84,31,195,191,37671.43,81,74,36,49,22,9584.11,9,8,5,33,14,6634.66,9,4,1,26,5,4044.72,2,3,0,20,1,977.37,0,1,0,805,935192.94,0.00,0.00,531629.32,1712.160000,2117,1780,2.000000,0.000000,805,801,262938.68,316,316,169,805,787,160624.97,299,324,164,200,110,48018.58,46,38,26,127,56,36155.59,15,25,16,126,21,18916.54,9,8,4,54,5,4974.96,2,2,1
credit_off,3,33,0,1.050321,1.089280,1.005940,1.065315,0.963037,1.019383,1.218763,16196556.50,0.00,0,15018076.30,0.00,0.00,0,195,228584.43,0.00,0.00,126907.57,408.360000,523,429,2.000000,0.000000,195,187,60992.33,75,75,37,195,189,37931.28,77,74,38,55,32,14058.02,11,14,7,34,16,7740.78,9,6,1,23,3,3771.31,0,1,2,21,2,2413.85,0,1,1,805,949895.77,0.00,0.00,507217.66,1646.880000,2140,1750,2.000000,0.000000,805,777,251119.93,325,300,152,805,776,153771.92,323,306,147,213,114,44827.05,50,53,11,129,56,33017.92,21,23,12,134,25,22284.13,11,10,4,54,2,2196.71,1,0,1
credit_off,3,34,0,1.048714,1.087853,1.004080,1.060160,0.955605,1.045019,1.195688,16196556.50,0.00,0,15018313.07,0.00,0.00,0,195,232980.01,0.00,0.00,121546.19,402.080000,512,426,3.500000,0.000000,195,193,63093.46,74,82,37,195,192,38028.34,77,80,35,43,18,6887.95,11,4,3,36,19,10279.18,7,10,2,22,1,679.38,1,0,0,21,3,2577.88,1,2,0,805,945263.42,0.00,0.00,526552.84,1703.040000,2165,1788,2.000000,0.000000,805,802,262276.09,321,318,163,805,791,159727.30,318,308,165,228,111,45891.21,56,30,25,131,58,31573.51,26,23,9,131,21,21955.03,4,11,6,65,5,5129.70,3,0,2
credit_off,3,35,0,1.048957,1.090407,1.004570,1.052658,0.953105,1.039852,1.202078,16196556.50,0.00,0,15013473.71,0.00,0.00,0,195,238244.59,0.00,0.00,120677.19,397.160000,522,421,4.000000,0.000000,195,187,59370.16,76,81,30,195,192,38235.82,80,74,38,54,25,10905.80,9,10,6,29,11,6081.06,5,4,2,28,5,5178.61,2,1,2,21,1,905.74,0,1,0,805,944838.20,0.00,0.00,522345.71,1683.520000,2171,1774,2.000000,0.000000,805,768,248251.79,324,293,151,805,797,160160.00,316,323,158,213,109,45899.01,35,57,17,144,70,40893.85,26,29,15,136,23,21400.00,9,10,4,68,7,5741.06,4,3,0
credit_off,3,36,0,1.049111,1.088587,1.003950,1.051639,0.956860,1.059869,1.219395,16196556.50,0.00,0,15027528.27,0.00,0.00,0,195,230960.16,0.00,0.00,133226.20,423.080000,537,445,1.000000,0.000000,195,195,64401.66,76,78,41,195,190,38172.90,74,79,37,61,40,15971.87,20,13,7,32,11,5412.60,8,1,2,32,7,6445.85,3,3,1,22,2,2821.32,0,0,2,805,938068.07,0.00,0.00,528690.62,1712.040000,2172,1791,2.000000,0.000000,805,799,260984.84,318,322,159,805,789,160135.11,305,321,163,231,127,54109.33,47,54,26,135,51,28943.27,25,14,12,129,20,19965.51,7,8,5,67,5,4552.56,1,4,0
credit_off,3,37,0,1.050662,1.089893,1.003600,1.065850,0.947993,1.064332,1.228020,16196556.50,0.00,0,15020446.11,0.00,0.00,0,195,238477.03,0.00,0.00,118424.90,392.480000,537,426,2.000000,0.000000,195,184,56765.96,84,72,28,195,192,35961.94,83,84,25,58,31,12973.02,12,14,5,38,18,11242.78,7,5,6,28,0,0.00,0,0,0,23,1,1481.20,0,0,1,805,937633.36,0.00,0.00,522355.20,1679.160000,2181,1771,2.000000,0.000000,805,766,247523.80,316,304,146,805,785,156543.84,317,316,152,234,133,56739.70,55,50,28,139,62,35099.18,23,28,11,124,17,18869.71,3,8,6,74,8,7578.97,3,4,1
credit_off,3,38,0,1.049454,1.087587,1.001730,1.069443,0.953415,1.053920,1.232503,16196556.50,0.00,0,15010712.78,0.00,0.00,0,195,236312.93,0.00,0.00,128105.87,414.520000,527,429,2.000000,0.000000,195,195,66111.34,71,78,46,195,191,37847.34,74,83,34,49,24,10759.51,5,15,4,33,14,8039.86,4,8,2,31,2,2493.47,0,1,1,24,3,2854.35,0,3,0,805,949530.79,0.00,0.00,510023.06,1672.640000,2156,1770,3.000000,0.000000,805,801,259367.78,325,322,154,805,788,155877.70,325,313,150,211,104,44910.36,34,52,18,132,53,27720.87,23,25,5,129,21,19686.02,9,8,4,74,3,2460.33,2,1,0
credit_off,3,39,0,1.046991,1.089207,1.000070,1.057741,0.943216,1.044613,1.204095,16196556.50,0.00,0,15010028.74,0.00,0.00,0,195,237605.36,0.00,0.00,124649.34,412.400000,532,436,3.000000,0.000000,195,195,62998.23,77,83,35,195,193,38618.53,76,79,38,57,33,13522.05,15,12,6,29,10,5885.01,3,5,2,33,4,2889.94,3,1,0,23,1,735.58,1,0,0,805,948922.40,0.00,0.00,522528.88,1699.640000,2175,1781,4.000000,0.000000,805,801,262967.29,319,317,165,805,793,159133.07,317,314,162,221,105,44033.29,52,27,26,143,58,34359.90,22,21,15,128,20,17738.66,8,10,2,73,4,4296.67,0,3,1
credit_off,3,40,0,1.046391,1.090807,0.999510,1.050555,0.942893,1.043327,1.175345,16196556.50,0.00,0,14987326.57,0.00,0.00,0,195,244456.02,0.00,0.00,119091.11,392.280000,518,419,4.000000,0.000000,195,183,58144.84,77,75,31,195,193,37967.25,73,88,32,42,23,8928.28,8,14,1,28,10,5488.09,3,6,1,35,6,5035.97,4,1,1,23,4,3526.68,1,3,0,805,964773.91,0.00,0.00,506068.98,1642.400000,2192,1732,3.000000,0.000000,805,746,244007.19,323,258,165,805,785,156679.53,327,295,163,227,114,46252.38,45,53,16,148,61,34004.32,30,17,14,130,21,20655.74,7,9,5,77,5,4469.82,3,1,1
credit_off,3,41,0,1.044311,1.088807,0.998340,1.041359,0.936634,1.050966,1.201870,16196556.50,0.00,0,14987630.17,0.00,0.00,0,195,243203.08,0.00,0.00,127194.71,409.760000,530,428,4.000000,0.000000,195,186,59231.73,71,87,28,195,191,38810.94,70,82,39,44,26,11223.34,9,11,6,38,19,11491.37,6,8,5,34,4,4091.44,1,2,1,24,2,2345.89,0,1,1,805,965723.25,0.00,0.00,520971.15,1691.480000,2189,1791,4.000000,0.000000,805,775,245765.66,329,313,133,805,796,158618.60,320,318,158,222,130,55111.19,47,56,27,150,64,35377.79,27,25,12,130,18,18828.84,4,9,5,77,8,7269.07,4,3,1
credit_off,3,42,0,1.046032,1.090813,0.997940,1.042864,0.948157,1.043254,1.216530,16196556.50,0.00,0,14977563.73,0.00,0.00,0,195,242029.34,0.00,0.00,127115.51,406.800000,543,432,3.000000,0.000000,195,189,60643.70,83,69,37,195,186,37502.52,68,82,36,58,34,13061.65,18,11,5,34,13,6378.05,7,5,1,39,9,8786.19,3,4,2,22,1,743.40,1,0,0,805,976963.43,0.00,0.00,510680.31,1662.760000,2184,1747,4.000000,0.000000,805,761,249506.30,317,281,163,805,780,155123.64,332,284,164,219,128,54590.87,47,53,28,153,61,35858.54,26,19,16,124,13,12383.79,7,2,4,78,4,3217.17,3,1,0
credit_off,3,43,0,1.047608,1.095393,0.997650,1.046523,0.947979,1.032504,1.185103,16196556.50,0.00,0,14955347.67,0.00,0.00,0,195,244550.57,0.00,0.00,123420.54,398.000000,541,432,2.000000,0.000000,195,186,56676.15,81,84,21,195,190,36088.35,78,85,27,55,30,11642.68,13,14,3,40,19,12222.61,5,8,6,35,7,6790.75,3,2,2,21,0,0.00,0,0,0,805,996658.26,0.00,0.00,502225.66,1636.960000,2196,1750,4.000000,0.000000,805,747,234531.06,319,316,112,805,783,153885.54,322,315,146,224,131,55981.73,51,50,30,155,64,35214.27,28,25,11,126,18,16752.42,8,6,4,81,7,5860.64,4,3,0
credit_off,3,44,0,1.048306,1.096213,0.996520,1.048505,0.960471,1.026935,1.162478,16196556.50,0.00,0,14959307.38,0.00,0.00,0,195,248117.06,0.00,0.00,122375.28,404.880000,528,430,5.000000,0.000000,195,192,62129.72,82,73,37,195,193,38541.79,77,77,39,49,28,11198.92,12,12,4,35,11,5531.79,6,4,1,32,6,4973.06,4,1,1,22,0,0.00,0,0,0,805,989132.06,0.00,0.00,529446.69,1702.680000,2166,1769,6.000000,0.000000,805,795,264080.07,305,327,163,805,788,158087.40,309,318,161,197,101,44841.89,39,33,29,147,60,38082.72,15,29,16,128,19,18766.61,6,8,5,84,6,5588.00,2,3,1
credit_off,3,45,0,1.051555,1.105013,0.998150,1.038139,0.963431,1.022025,1.139278,16196556.50,0.00,0,14944828.57,0.00,0.00,0,195,249017.69,0.00,0.00,125041.14,407.320000,541,433,3.000000,0.000000,195,189,61354.00,79,76,34,195,189,37662.35,75,77,37,54,35,13960.99,16,13,6,40,15,7410.52,8,6,1,31,4,3416.63,1,3,0,26,1,1236.65,0,0,1,805,1002710.24,0.00,0.00,508342.31,1653.920000,2169,1752,6.000000,0.000000,805,785,255568.68,321,324,140,805,782,154751.00,314,320,148,201,106,41485.71,41,54,11,143,55,32440.24,21,22,12,132,19,19539.57,5,8,6,83,5,4557.11,2,2,1
credit_off,3,46,0,1.048657,1.104093,0.996320,1.028774,0.955084,1.015832,1.133985,16196556.50,0.00,0,14941112.90,0.00,0.00,0,195,253412.87,0.00,0.00,121546.59,401.960000,532,427,4.000000,0.000000,195,193,64038.22,71,87,35,195,192,37552.22,74,86,32,42,18,6423.55,11,5,2,44,20,10439.16,9,9,2,30,4,3093.44,2,2,0,26,0,0.00,0,0,0,805,1002030.73,0.00,0.00,522600.00,1695.560000,2187,1783,5.000000,0.000000,805,801,265964.34,323,313,165,805,789,158548.66,316,306,167,209,109,42238.04,56,34,19,146,58,32431.44,24,24,10,134,17,15248.84,9,4,4,88,9,8168.68,4,3,2
credit_off,3,47,0,1.047806,1.106800,0.995550,1.017288,0.952846,1.004550,1.128340,16196556.50,0.00,0,14949284.96,0.00,0.00,0,195,258050.73,0.00,0.00,121303.91,403.200000,529,426,5.000000,0.000000,195,192,63624.33,71,87,34,195,191,37416.81,78,78,35,50,28,11303.54,9,15,4,35,12,6445.12,6,4,2,28,1,906.67,0,1,0,26,2,1607.44,1,1,0,805,989220.81,0.00,0.00,534730.41,1710.280000,2225,1809,3.000000,0.000000,805,799,263367.21,329,313,157,805,789,156870.54,322,307,160,230,120,43954.42,58,52,10,158,69,40510.81,25,29,15,135,24,22608.15,9,9,6,92,8,7419.28,3,3,2
credit_off,3,48,0,1.048279,1.106253,0.994450,1.022643,0.956772,1.000324,1.159090,16196556.50,0.00,0,14944888.81,0.00,0.00,0,195,257324.50,0.00,0.00,126668.00,413.920000,540,436,5.000000,0.000000,195,191,63754.46,72,82,37,195,192,37908.90,69,91,32,56,37,13989.70,19,13,5,34,11,5936.80,4,6,1,33,3,3272.02,0,2,1,27,2,1806.12,0,2,0,805,994343.19,0.00,0.00,516798.11,1679.800000,2213,1777,4.000000,0.000000,805,789,260565.43,328,301,160,805,786,153237.76,331,309,146,238,130,54159.26,48,54,28,140,47,24381.57,21,22,4,131,20,19187.75,6,9,5,94,5,5266.34,1,2,2
