scenario,seed,tick,warmup,category,tier,price,units,sold,blocked,unaffordable,mix_share
credit_off,4,1,1,food,budget,180.00,400,400,134,0,0.479616
credit_off,4,1,1,food,standard,300.00,400,400,42,0,0.479616
credit_off,4,1,1,food,premium,540.00,200,34,0,1,0.040767
credit_off,4,1,1,leisure,budget,120.00,400,400,18,1,0.468933
credit_off,4,1,1,leisure,standard,200.00,400,388,0,0,0.454865
credit_off,4,1,1,leisure,premium,360.00,200,65,0,0,0.076202
credit_off,4,1,1,clothing,budget,240.00,67,67,18,0,0.690722
credit_off,4,1,1,clothing,standard,400.00,67,27,0,1,0.278351
credit_off,4,1,1,clothing,premium,720.00,33,3,0,0,0.030928
credit_off,4,1,1,hobby,budget,360.00,33,33,5,1,0.611111
credit_off,4,1,1,hobby,standard,600.00,33,20,0,1,0.370370
credit_off,4,1,1,hobby,premium,1080.00,17,1,0,1,0.018519
credit_off,4,1,1,electronics,budget,540.00,11,11,25,0,0.733333
credit_off,4,1,1,electronics,standard,900.00,11,3,0,1,0.200000
credit_off,4,1,1,electronics,premium,1620.00,6,1,0,1,0.066667
credit_off,4,1,1,appliances,budget,480.00,4,4,7,0,0.800000
credit_off,4,1,1,appliances,standard,800.00,4,1,0,0,0.200000
credit_off,4,1,1,appliances,premium,1440.00,2,0,0,0,0.000000
credit_off,4,2,1,food,budget,183.02,400,400,61,0,0.425985
credit_off,4,2,1,food,standard,301.58,400,400,293,9,0.425985
credit_off,4,2,1,food,premium,517.59,200,139,0,8,0.148030
credit_off,4,2,1,leisure,budget,120.27,400,400,6,1,0.408163
credit_off,4,2,1,leisure,standard,199.70,400,400,74,6,0.408163
credit_off,4,2,1,leisure,premium,347.85,200,180,0,4,0.183673
credit_off,4,2,1,clothing,budget,243.22,67,67,81,4,0.468531
credit_off,4,2,1,clothing,standard,388.06,67,67,11,4,0.468531
credit_off,4,2,1,clothing,premium,687.27,33,9,0,1,0.062937
credit_off,4,2,1,hobby,budget,362.73,33,33,5,3,0.428571
credit_off,4,2,1,hobby,standard,588.18,33,33,0,1,0.428571
credit_off,4,2,1,hobby,premium,1029.18,17,11,0,4,0.142857
credit_off,4,2,1,electronics,budget,567.00,11,11,24,2,0.440000
credit_off,4,2,1,electronics,standard,867.27,11,11,3,7,0.440000
credit_off,4,2,1,electronics,premium,1552.50,6,3,0,1,0.120000
credit_off,4,2,1,appliances,budget,504.00,4,4,8,2,0.500000
credit_off,4,2,1,appliances,standard,770.00,4,4,1,2,0.500000
credit_off,4,2,1,appliances,premium,1368.00,2,0,0,1,0.000000
credit_off,4,3,1,food,budget,184.41,400,398,0,0,0.398798
credit_off,4,3,1,food,standard,312.62,400,400,165,18,0.400802
credit_off,4,3,1,food,premium,509.70,200,200,102,15,0.200401
credit_off,4,3,1,leisure,budget,120.36,400,381,0,1,0.388379
credit_off,4,3,1,leisure,standard,201.55,400,400,87,14,0.407747
credit_off,4,3,1,leisure,premium,346.11,200,200,46,8,0.203874
credit_off,4,3,1,clothing,budget,255.39,67,67,68,11,0.411043
credit_off,4,3,1,clothing,standard,391.25,67,67,38,7,0.411043
credit_off,4,3,1,clothing,premium,662.28,33,29,0,2,0.177914
credit_off,4,3,1,hobby,budget,365.48,33,22,0,5,0.323529
credit_off,4,3,1,hobby,standard,588.18,33,29,0,4,0.426471
credit_off,4,3,1,hobby,premium,1011.01,17,17,2,1,0.250000
credit_off,4,3,1,electronics,budget,595.35,11,11,17,8,0.407407
credit_off,4,3,1,electronics,standard,879.10,11,11,7,4,0.407407
credit_off,4,3,1,electronics,premium,1513.69,6,5,0,0,0.185185
credit_off,4,3,1,appliances,budget,529.20,4,4,9,4,0.400000
credit_off,4,3,1,appliances,standard,779.63,4,4,4,0,0.400000
credit_off,4,3,1,appliances,premium,1299.60,2,2,2,2,0.200000
credit_off,4,4,1,food,budget,184.36,400,399,0,0,0.399399
credit_off,4,4,1,food,standard,319.07,400,400,81,27,0.400400
credit_off,4,4,1,food,premium,522.69,200,200,114,19,0.200200
credit_off,4,4,1,leisure,budget,120.07,400,378,0,1,0.386503
credit_off,4,4,1,leisure,standard,203.74,400,400,34,14,0.408998
credit_off,4,4,1,leisure,premium,350.09,200,200,62,7,0.204499
credit_off,4,4,1,clothing,budget,268.15,67,67,46,9,0.401198
credit_off,4,4,1,clothing,standard,402.34,67,67,52,6,0.401198
credit_off,4,4,1,clothing,premium,658.27,33,33,1,2,0.197605
credit_off,4,4,1,hobby,budget,359.38,33,33,0,8,0.397590
credit_off,4,4,1,hobby,standard,584.62,33,33,2,1,0.397590
credit_off,4,4,1,hobby,premium,1016.96,17,17,5,3,0.204819
credit_off,4,4,1,electronics,budget,625.12,11,11,7,10,0.392857
credit_off,4,4,1,electronics,standard,907.07,11,11,7,4,0.392857
credit_off,4,4,1,electronics,premium,1501.07,6,6,1,3,0.214286
credit_off,4,4,1,appliances,budget,555.66,4,4,10,6,0.500000
credit_off,4,4,1,appliances,standard,818.61,4,2,0,4,0.250000
credit_off,4,4,1,appliances,premium,1364.58,2,2,0,0,0.250000
credit_off,4,5,1,food,budget,184.34,400,396,0,0,0.397590
credit_off,4,5,1,food,standard,322.30,400,400,23,22,0.401606
credit_off,4,5,1,food,premium,537.59,200,200,50,12,0.200803
credit_off,4,5,1,leisure,budget,119.74,400,382,0,0,0.390993
credit_off,4,5,1,leisure,standard,204.60,400,395,0,16,0.404299
credit_off,4,5,1,leisure,premium,355.52,200,200,40,8,0.204708
credit_off,4,5,1,clothing,budget,277.36,67,51,0,13,0.337748
credit_off,4,5,1,clothing,standard,417.95,67,67,25,3,0.443709
credit_off,4,5,1,clothing,premium,659.26,33,33,18,4,0.218543
credit_off,4,5,1,hobby,budget,359.38,33,21,0,7,0.308824
credit_off,4,5,1,hobby,standard,586.39,33,33,0,5,0.485294
credit_off,4,5,1,hobby,premium,1031.92,17,14,0,2,0.205882
credit_off,4,5,1,electronics,budget,645.01,11,6,0,11,0.352941
credit_off,4,5,1,electronics,standard,935.93,11,6,0,6,0.352941
credit_off,4,5,1,electronics,premium,1513.58,6,5,0,1,0.294118
credit_off,4,5,1,appliances,budget,583.44,4,4,8,6,0.500000
credit_off,4,5,1,appliances,standard,798.14,4,4,2,2,0.500000
credit_off,4,5,1,appliances,premium,1364.58,2,0,0,0,0.000000
credit_off,4,6,1,food,budget,184.25,400,397,0,0,0.398195
credit_off,4,6,1,food,standard,323.23,400,400,39,27,0.401204
credit_off,4,6,1,food,premium,544.31,200,200,29,11,0.200602
credit_off,4,6,1,leisure,budget,119.47,400,383,0,1,0.389624
credit_off,4,6,1,leisure,standard,204.48,400,400,12,18,0.406918
credit_off,4,6,1,leisure,premium,359.07,200,200,18,7,0.203459
credit_off,4,6,1,clothing,budget,274.05,67,67,26,26,0.446667
credit_off,4,6,1,clothing,standard,425.75,67,52,0,2,0.346667
credit_off,4,6,1,clothing,premium,677.24,33,31,0,5,0.206667
credit_off,4,6,1,hobby,budget,352.85,33,33,10,13,0.492537
credit_off,4,6,1,hobby,standard,586.39,33,20,0,4,0.298507
credit_off,4,6,1,hobby,premium,1022.81,17,14,0,1,0.208955
credit_off,4,6,1,electronics,budget,630.35,11,5,0,11,0.250000
credit_off,4,6,1,electronics,standard,914.66,11,9,0,5,0.450000
credit_off,4,6,1,electronics,premium,1500.97,6,6,1,0,0.300000
credit_off,4,6,1,appliances,budget,612.62,4,4,7,8,0.444444
credit_off,4,6,1,appliances,standard,818.09,4,4,3,1,0.444444
credit_off,4,6,1,appliances,premium,1296.35,2,1,0,3,0.111111
credit_off,4,7,1,food,budget,184.18,400,395,0,0,0.396985
credit_off,4,7,1,food,standard,324.80,400,400,28,27,0.402010
credit_off,4,7,1,food,premium,548.26,200,200,14,15,0.201005
credit_off,4,7,1,leisure,budget,119.22,400,385,0,0,0.390863
credit_off,4,7,1,leisure,standard,204.78,400,400,7,24,0.406091
credit_off,4,7,1,leisure,premium,360.69,200,200,13,9,0.203046
credit_off,4,7,1,clothing,budget,279.37,67,20,0,35,0.170940
credit_off,4,7,1,clothing,standard,420.99,67,64,0,4,0.547009
credit_off,4,7,1,clothing,premium,675.19,33,33,3,3,0.282051
credit_off,4,7,1,hobby,budget,358.20,33,33,0,18,0.428571
credit_off,4,7,1,hobby,standard,574.84,33,27,0,4,0.350649
credit_off,4,7,1,hobby,premium,1013.79,17,17,2,0,0.220779
credit_off,4,7,1,electronics,budget,613.16,11,10,0,12,0.384615
credit_off,4,7,1,electronics,standard,906.35,11,11,2,7,0.423077
credit_off,4,7,1,electronics,premium,1513.48,6,5,0,2,0.192308
credit_off,4,7,1,appliances,budget,643.25,4,4,5,7,0.400000
credit_off,4,7,1,appliances,standard,848.77,4,4,3,1,0.400000
credit_off,4,7,1,appliances,premium,1263.94,2,2,1,3,0.200000
credit_off,4,8,1,food,budget,184.06,400,398,0,0,0.398798
credit_off,4,8,1,food,standard,325.94,400,400,14,31,0.400802
credit_off,4,8,1,food,premium,550.18,200,200,31,14,0.200401
credit_off,4,8,1,leisure,budget,119.00,400,376,0,1,0.385246
credit_off,4,8,1,leisure,standard,204.96,400,400,10,16,0.409836
credit_off,4,8,1,leisure,premium,361.86,200,200,11,12,0.204918
credit_off,4,8,1,clothing,budget,269.57,67,59,0,31,0.390728
credit_off,4,8,1,clothing,standard,420.04,67,60,0,10,0.397351
credit_off,4,8,1,clothing,premium,678.26,33,32,0,6,0.211921
credit_off,4,8,1,hobby,budget,358.20,33,33,10,18,0.397590
credit_off,4,8,1,hobby,standard,569.61,33,33,8,4,0.397590
credit_off,4,8,1,hobby,premium,1019.75,17,17,2,1,0.204819
credit_off,4,8,1,electronics,budget,610.37,11,7,0,16,0.333333
credit_off,4,8,1,electronics,standard,914.59,11,11,0,6,0.523810
credit_off,4,8,1,electronics,premium,1500.86,6,3,0,7,0.142857
credit_off,4,8,1,appliances,budget,675.41,4,3,0,8,0.333333
credit_off,4,8,1,appliances,standard,880.60,4,4,2,1,0.444444
credit_off,4,8,1,appliances,premium,1295.54,2,2,0,3,0.222222
credit_off,4,9,1,food,budget,184.02,400,400,16,0,0.406918
credit_off,4,9,1,food,standard,326.51,400,400,20,29,0.406918
credit_off,4,9,1,food,premium,554.44,200,183,0,10,0.186165
credit_off,4,9,1,leisure,budget,118.64,400,383,0,0,0.393628
credit_off,4,9,1,leisure,standard,205.22,400,400,14,24,0.411100
credit_off,4,9,1,leisure,premium,362.86,200,190,0,8,0.195272
credit_off,4,9,1,clothing,budget,267.96,67,58,0,38,0.379085
credit_off,4,9,1,clothing,standard,417.85,67,67,11,12,0.437908
credit_off,4,9,1,clothing,premium,677.23,33,28,0,2,0.183007
credit_off,4,9,1,hobby,budget,363.62,33,23,0,17,0.323944
credit_off,4,9,1,hobby,standard,576.52,33,33,4,3,0.464789
credit_off,4,9,1,hobby,premium,1025.75,17,15,0,2,0.211268
credit_off,4,9,1,electronics,budget,599.27,11,11,3,20,0.407407
credit_off,4,9,1,electronics,standard,914.59,11,10,0,8,0.370370
credit_off,4,9,1,electronics,premium,1463.34,6,6,0,4,0.222222
credit_off,4,9,1,appliances,budget,666.97,4,1,0,9,0.142857
credit_off,4,9,1,appliances,standard,902.62,4,4,0,1,0.571429
credit_off,4,9,1,appliances,premium,1295.54,2,2,3,1,0.285714
credit_off,4,10,1,food,budget,184.39,400,398,0,0,0.398798
credit_off,4,10,1,food,standard,327.32,400,400,9,35,0.400802
credit_off,4,10,1,food,premium,552.08,200,200,36,14,0.200401
credit_off,4,10,1,leisure,budget,118.39,400,391,0,0,0.394949
credit_off,4,10,1,leisure,standard,205.58,400,399,0,15,0.403030
credit_off,4,10,1,leisure,premium,361.95,200,200,27,7,0.202020
credit_off,4,10,1,clothing,budget,266.16,67,67,25,38,0.462069
credit_off,4,10,1,clothing,standard,421.28,67,45,0,11,0.310345
credit_off,4,10,1,clothing,premium,672.10,33,33,3,3,0.227586
credit_off,4,10,1,hobby,budget,358.11,33,33,3,26,0.417722
credit_off,4,10,1,hobby,standard,580.01,33,33,3,7,0.417722
credit_off,4,10,1,hobby,premium,1019.72,17,13,0,2,0.164557
credit_off,4,10,1,electronics,budget,607.44,11,11,0,23,0.392857
credit_off,4,10,1,electronics,standard,910.43,11,11,2,6,0.392857
credit_off,4,10,1,electronics,premium,1463.34,6,6,4,4,0.214286
credit_off,4,10,1,appliances,budget,641.95,4,4,8,11,0.500000
credit_off,4,10,1,appliances,standard,902.62,4,4,1,3,0.500000
credit_off,4,10,1,appliances,premium,1360.32,2,0,0,2,0.000000
credit_off,4,11,1,food,budget,184.34,400,400,3,0,0.401606
credit_off,4,11,1,food,standard,327.69,400,400,5,28,0.401606
credit_off,4,11,1,food,premium,557.05,200,196,0,14,0.196787
credit_off,4,11,1,leisure,budget,118.26,400,387,0,1,0.395301
credit_off,4,11,1,leisure,standard,205.55,400,400,8,15,0.408580
credit_off,4,11,1,leisure,premium,364.39,200,192,0,13,0.196118
credit_off,4,11,1,clothing,budget,271.12,67,61,0,39,0.378882
credit_off,4,11,1,clothing,standard,414.36,67,67,32,7,0.416149
credit_off,4,11,1,clothing,premium,675.16,33,33,0,5,0.204969
credit_off,4,11,1,hobby,budget,359.74,33,33,8,33,0.397590
credit_off,4,11,1,hobby,standard,582.65,33,33,1,5,0.397590
credit_off,4,11,1,hobby,premium,1007.72,17,17,7,2,0.204819
credit_off,4,11,1,electronics,budget,607.44,11,11,7,20,0.523810
credit_off,4,11,1,electronics,standard,918.70,11,5,0,9,0.238095
credit_off,4,11,1,electronics,premium,1512.12,6,5,0,2,0.238095
credit_off,4,11,1,appliances,budget,674.05,4,4,11,9,0.400000
credit_off,4,11,1,appliances,standard,913.90,4,4,3,1,0.400000
credit_off,4,11,1,appliances,premium,1292.30,2,2,3,1,0.200000
credit_off,4,12,1,food,budget,184.41,400,400,5,0,0.402820
credit_off,4,12,1,food,standard,327.90,400,400,14,31,0.402820
credit_off,4,12,1,food,premium,556.50,200,193,0,13,0.194361
credit_off,4,12,1,leisure,budget,118.06,400,395,0,1,0.404299
credit_off,4,12,1,leisure,standard,205.76,400,400,14,24,0.409417
credit_off,4,12,1,leisure,premium,363.66,200,182,0,6,0.186285
credit_off,4,12,1,clothing,budget,269.91,67,67,8,37,0.455782
credit_off,4,12,1,clothing,standard,424.26,67,47,0,8,0.319728
credit_off,4,12,1,clothing,premium,675.16,33,33,6,4,0.224490
credit_off,4,12,1,hobby,budget,364.10,33,33,0,33,0.428571
credit_off,4,12,1,hobby,standard,583.53,33,33,3,6,0.428571
credit_off,4,12,1,hobby,premium,1028.47,17,11,0,3,0.142857
credit_off,4,12,1,electronics,budget,626.77,11,11,14,24,0.440000
credit_off,4,12,1,electronics,standard,893.65,11,11,8,3,0.440000
credit_off,4,12,1,electronics,premium,1499.52,6,3,0,2,0.120000
credit_off,4,12,1,appliances,budget,707.75,4,4,4,10,0.400000
credit_off,4,12,1,appliances,standard,948.17,4,4,3,1,0.400000
credit_off,4,12,1,appliances,premium,1356.92,2,2,2,2,0.200000
credit_off,4,13,1,food,budget,184.53,400,399,0,0,0.399399
credit_off,4,13,1,food,standard,328.47,400,400,0,34,0.400400
credit_off,4,13,1,food,premium,555.52,200,200,5,18,0.200200
credit_off,4,13,1,leisure,budget,117.99,400,386,0,1,0.392675
credit_off,4,13,1,leisure,standard,206.12,400,400,11,13,0.406918
credit_off,4,13,1,leisure,premium,362.03,200,197,0,16,0.200407
credit_off,4,13,1,clothing,budget,271.52,67,50,0,35,0.357143
credit_off,4,13,1,clothing,standard,417.93,67,62,0,11,0.442857
credit_off,4,13,1,clothing,premium,681.30,33,28,0,6,0.200000
credit_off,4,13,1,hobby,budget,364.10,33,15,0,37,0.267857
credit_off,4,13,1,hobby,standard,586.18,33,26,0,3,0.464286
credit_off,4,13,1,hobby,premium,1010.32,17,15,0,0,0.267857
credit_off,4,13,1,electronics,budget,658.11,11,11,10,23,0.392857
credit_off,4,13,1,electronics,standard,926.15,11,11,5,6,0.392857
credit_off,4,13,1,electronics,premium,1462.03,6,6,2,5,0.214286
credit_off,4,13,1,appliances,budget,743.14,4,4,2,11,0.400000
credit_off,4,13,1,appliances,standard,983.73,4,4,4,0,0.400000
credit_off,4,13,1,appliances,premium,1424.76,2,2,1,3,0.200000
credit_off,4,14,1,food,budget,184.50,400,400,12,0,0.405268
credit_off,4,14,1,food,standard,328.47,400,400,17,33,0.405268
credit_off,4,14,1,food,premium,556.22,200,187,0,17,0.189463
credit_off,4,14,1,leisure,budget,117.78,400,396,0,0,0.401216
credit_off,4,14,1,leisure,standard,206.40,400,398,0,23,0.403242
credit_off,4,14,1,leisure,premium,361.76,200,193,0,13,0.195542
credit_off,4,14,1,clothing,budget,268.08,67,67,0,32,0.440789
credit_off,4,14,1,clothing,standard,416.37,67,67,18,8,0.440789
credit_off,4,14,1,clothing,premium,676.13,33,18,0,4,0.118421
credit_off,4,14,1,hobby,budget,354.17,33,31,0,39,0.392405
credit_off,4,14,1,hobby,standard,579.97,33,32,0,6,0.405063
credit_off,4,14,1,hobby,premium,1004.37,17,16,0,4,0.202532
credit_off,4,14,1,electronics,budget,688.02,11,11,0,24,0.407407
credit_off,4,14,1,electronics,standard,947.19,11,11,4,7,0.407407
credit_off,4,14,1,electronics,premium,1486.40,6,5,0,5,0.185185
credit_off,4,14,1,appliances,budget,761.72,4,4,1,8,0.400000
credit_off,4,14,1,appliances,standard,1032.91,4,4,4,0,0.400000
credit_off,4,14,1,appliances,premium,1460.38,2,2,1,3,0.200000
credit_off,4,15,1,food,budget,184.78,400,400,2,0,0.400802
credit_off,4,15,1,food,standard,329.17,400,400,10,33,0.400802
credit_off,4,15,1,food,premium,554.41,200,198,0,13,0.198397
credit_off,4,15,1,leisure,budget,117.72,400,385,0,0,0.390863
credit_off,4,15,1,leisure,standard,206.35,400,400,1,16,0.406091
credit_off,4,15,1,leisure,premium,361.12,200,200,7,8,0.203046
credit_off,4,15,1,clothing,budget,268.08,67,61,0,33,0.378882
credit_off,4,15,1,clothing,standard,421.96,67,67,3,10,0.416149
credit_off,4,15,1,clothing,premium,660.77,33,33,17,4,0.204969
credit_off,4,15,1,hobby,budget,353.10,33,21,0,41,0.313433
credit_off,4,15,1,hobby,standard,579.09,33,29,0,3,0.432836
credit_off,4,15,1,hobby,premium,1001.42,17,17,1,2,0.253731
credit_off,4,15,1,electronics,budget,688.02,11,5,0,29,0.277778
credit_off,4,15,1,electronics,standard,964.42,11,9,0,5,0.500000
credit_off,4,15,1,electronics,premium,1474.01,6,4,0,7,0.222222
credit_off,4,15,1,appliances,budget,771.24,4,4,2,11,0.500000
credit_off,4,15,1,appliances,standard,1084.56,4,4,4,0,0.500000
credit_off,4,15,1,appliances,premium,1496.89,2,0,0,4,0.000000
credit_off,4,16,1,food,budget,184.83,400,400,4,0,0.402010
credit_off,4,16,1,food,standard,329.58,400,395,0,33,0.396985
credit_off,4,16,1,food,premium,554.13,200,200,3,13,0.201005
credit_off,4,16,1,leisure,budget,117.50,400,400,27,1,0.416233
credit_off,4,16,1,leisure,standard,206.38,400,374,0,19,0.389178
credit_off,4,16,1,leisure,premium,361.75,200,187,0,15,0.194589
credit_off,4,16,1,clothing,budget,266.88,67,64,0,29,0.429530
credit_off,4,16,1,clothing,standard,422.90,67,56,0,9,0.375839
credit_off,4,16,1,clothing,premium,677.79,33,29,0,1,0.194631
credit_off,4,16,1,hobby,budget,346.68,33,32,0,40,0.390244
credit_off,4,16,1,hobby,standard,575.58,33,33,1,5,0.402439
credit_off,4,16,1,hobby,premium,1004.36,17,17,6,2,0.207317
credit_off,4,16,1,electronics,budget,669.26,11,9,0,28,0.428571
credit_off,4,16,1,electronics,standard,955.65,11,6,0,9,0.285714
credit_off,4,16,1,electronics,premium,1449.45,6,6,0,4,0.285714
credit_off,4,16,1,appliances,budget,790.52,4,3,0,11,0.375000
credit_off,4,16,1,appliances,standard,1138.79,4,3,0,3,0.375000
credit_off,4,16,1,appliances,premium,1422.05,2,2,2,1,0.250000
credit_off,4,17,1,food,budget,184.92,400,400,10,0,0.404858
credit_off,4,17,1,food,standard,329.37,400,396,0,33,0.400810
credit_off,4,17,1,food,premium,554.55,200,192,0,16,0.194332
credit_off,4,17,1,leisure,budget,117.90,400,400,3,0,0.408580
credit_off,4,17,1,leisure,standard,205.71,400,400,16,23,0.408580
credit_off,4,17,1,leisure,premium,360.58,200,179,0,11,0.182840
credit_off,4,17,1,clothing,budget,266.28,67,66,0,33,0.397590
credit_off,4,17,1,clothing,standard,419.43,67,67,20,7,0.403614
credit_off,4,17,1,clothing,premium,673.68,33,33,5,4,0.198795
credit_off,4,17,1,hobby,budget,346.15,33,33,2,38,0.440000
credit_off,4,17,1,hobby,standard,576.45,33,33,1,7,0.440000
credit_off,4,17,1,hobby,premium,1022.09,17,9,0,3,0.120000
credit_off,4,17,1,electronics,budget,663.18,11,11,0,28,0.423077
credit_off,4,17,1,electronics,standard,933.93,11,11,5,6,0.423077
credit_off,4,17,1,electronics,premium,1449.45,6,4,0,6,0.153846
credit_off,4,17,1,appliances,budget,780.64,4,2,0,11,0.500000
credit_off,4,17,1,appliances,standard,1124.55,4,0,0,2,0.000000
credit_off,4,17,1,appliances,premium,1493.15,2,2,0,0,0.500000
credit_off,4,18,1,food,budget,185.15,400,400,33,0,0.413650
credit_off,4,18,1,food,standard,329.21,400,400,38,29,0.413650
credit_off,4,18,1,food,premium,553.44,200,167,0,15,0.172699
credit_off,4,18,1,leisure,budget,117.94,400,393,0,1,0.401020
credit_off,4,18,1,leisure,standard,206.12,400,400,24,19,0.408163
credit_off,4,18,1,leisure,premium,358.69,200,187,0,4,0.190816
credit_off,4,18,1,clothing,budget,266.08,67,67,11,31,0.492647
credit_off,4,18,1,clothing,standard,425.69,67,47,0,10,0.345588
credit_off,4,18,1,clothing,premium,678.78,33,22,0,0,0.161765
credit_off,4,18,1,hobby,budget,347.20,33,33,7,41,0.523810
credit_off,4,18,1,hobby,standard,577.32,33,20,0,3,0.317460
credit_off,4,18,1,hobby,premium,998.04,17,10,0,2,0.158730
credit_off,4,18,1,electronics,budget,663.18,11,6,0,25,0.260870
credit_off,4,18,1,electronics,standard,955.15,11,11,0,6,0.478261
credit_off,4,18,1,electronics,premium,1425.29,6,6,6,4,0.260870
credit_off,4,18,1,appliances,budget,761.13,4,0,0,14,0.000000
credit_off,4,18,1,appliances,standard,1068.33,4,4,0,0,0.666667
credit_off,4,18,1,appliances,premium,1493.15,2,2,0,4,0.333333
credit_off,4,19,1,food,budget,185.91,400,399,0,0,0.399399
credit_off,4,19,1,food,standard,330.77,400,400,30,35,0.400400
credit_off,4,19,1,food,premium,548.87,200,200,40,19,0.200200
credit_off,4,19,1,leisure,budget,117.84,400,385,0,0,0.390863
credit_off,4,19,1,leisure,standard,206.73,400,400,12,20,0.406091
credit_off,4,19,1,leisure,premium,357.52,200,200,24,16,0.203046
credit_off,4,19,1,clothing,budget,268.26,67,51,0,32,0.337748
credit_off,4,19,1,clothing,standard,419.34,67,67,4,8,0.443709
credit_off,4,19,1,clothing,premium,667.47,33,33,0,5,0.218543
credit_off,4,19,1,hobby,budget,350.88,33,33,2,39,0.397590
credit_off,4,19,1,hobby,standard,565.95,33,33,8,4,0.397590
credit_off,4,19,1,hobby,premium,977.49,17,17,4,2,0.204819
credit_off,4,19,1,electronics,budget,648.10,11,6,0,31,0.272727
credit_off,4,19,1,electronics,standard,955.15,11,10,0,6,0.454545
credit_off,4,19,1,electronics,premium,1496.55,6,6,2,4,0.272727
credit_off,4,19,1,appliances,budget,723.07,4,4,4,17,0.444444
credit_off,4,19,1,appliances,standard,1068.33,4,3,0,4,0.333333
credit_off,4,19,1,appliances,premium,1493.15,2,2,1,2,0.222222
credit_off,4,20,0,food,budget,185.89,400,400,24,0,0.409836
credit_off,4,20,0,food,standard,332.01,400,376,0,27,0.385246
credit_off,4,20,0,food,premium,554.36,200,200,11,19,0.204918
credit_off,4,20,0,leisure,budget,117.62,400,400,17,1,0.410678
credit_off,4,20,0,leisure,standard,207.04,400,374,0,13,0.383984
credit_off,4,20,0,leisure,premium,359.66,200,200,19,11,0.205339
credit_off,4,20,0,clothing,budget,265.06,67,55,0,35,0.369128
credit_off,4,20,0,clothing,standard,420.59,67,61,0,6,0.409396
credit_off,4,20,0,clothing,premium,667.47,33,33,6,6,0.221477
credit_off,4,20,0,hobby,budget,351.95,33,33,4,38,0.397590
credit_off,4,20,0,hobby,standard,572.81,33,33,5,4,0.397590
credit_off,4,20,0,hobby,premium,988.99,17,17,3,0,0.204819
credit_off,4,20,0,electronics,budget,633.37,11,11,0,37,0.458333
credit_off,4,20,0,electronics,standard,950.81,11,8,0,8,0.333333
credit_off,4,20,0,electronics,premium,1521.50,6,5,0,4,0.208333
credit_off,4,20,0,appliances,budget,759.22,4,2,0,14,0.285714
credit_off,4,20,0,appliances,standard,1054.97,4,4,1,1,0.571429
credit_off,4,20,0,appliances,premium,1530.48,2,1,0,4,0.142857
credit_off,4,21,0,food,budget,186.45,400,399,0,0,0.399399
credit_off,4,21,0,food,standard,331.02,400,400,2,26,0.400400
credit_off,4,21,0,food,premium,555.88,200,200,20,22,0.200200
credit_off,4,21,0,leisure,budget,117.87,400,387,0,1,0.392097
credit_off,4,21,0,leisure,standard,206.37,400,400,0,18,0.405268
credit_off,4,21,0,leisure,premium,361.37,200,200,18,8,0.202634
credit_off,4,21,0,clothing,budget,262.69,67,63,0,34,0.391304
credit_off,4,21,0,clothing,standard,418.71,67,65,0,9,0.403727
credit_off,4,21,0,clothing,premium,673.54,33,33,4,5,0.204969
credit_off,4,21,0,hobby,budget,354.08,33,32,0,36,0.400000
credit_off,4,21,0,hobby,standard,577.15,33,33,6,5,0.412500
credit_off,4,21,0,hobby,premium,997.72,17,15,0,2,0.187500
credit_off,4,21,0,electronics,budget,633.37,11,5,0,45,0.238095
credit_off,4,21,0,electronics,standard,937.85,11,10,0,4,0.476190
credit_off,4,21,0,electronics,premium,1508.82,6,6,0,4,0.285714
credit_off,4,21,0,appliances,budget,740.24,4,4,1,15,0.500000
credit_off,4,21,0,appliances,standard,1068.16,4,2,0,4,0.250000
credit_off,4,21,0,appliances,premium,1492.22,2,2,1,1,0.250000
credit_off,4,22,0,food,budget,186.42,400,400,24,0,0.409836
credit_off,4,22,0,food,standard,331.10,400,376,0,38,0.385246
credit_off,4,22,0,food,premium,558.66,200,200,2,14,0.204918
credit_off,4,22,0,leisure,budget,117.68,400,400,10,0,0.408580
credit_off,4,22,0,leisure,standard,206.37,400,379,0,19,0.387130
credit_off,4,22,0,leisure,premium,363.00,200,200,8,11,0.204290
credit_off,4,22,0,clothing,budget,261.90,67,67,6,39,0.478571
credit_off,4,22,0,clothing,standard,418.08,67,50,0,6,0.357143
credit_off,4,22,0,clothing,premium,677.62,33,23,0,2,0.164286
credit_off,4,22,0,hobby,budget,353.54,33,25,0,36,0.347222
credit_off,4,22,0,hobby,standard,582.40,33,30,0,4,0.416667
credit_off,4,22,0,hobby,premium,991.85,17,17,4,1,0.236111
credit_off,4,22,0,electronics,budget,616.10,11,11,4,44,0.392857
credit_off,4,22,0,electronics,standard,933.58,11,11,2,7,0.392857
credit_off,4,22,0,electronics,premium,1508.82,6,6,4,1,0.214286
credit_off,4,22,0,appliances,budget,749.50,4,3,0,15,0.375000
credit_off,4,22,0,appliances,standard,1041.45,4,3,0,3,0.375000
credit_off,4,22,0,appliances,premium,1529.52,2,2,0,2,0.250000
credit_off,4,23,0,food,budget,186.98,400,400,18,0,0.408998
credit_off,4,23,0,food,standard,330.11,400,400,27,40,0.408998
credit_off,4,23,0,food,premium,558.94,200,178,0,17,0.182004
credit_off,4,23,0,leisure,budget,117.83,400,388,0,1,0.397541
credit_off,4,23,0,leisure,standard,205.83,400,389,0,24,0.398566
credit_off,4,23,0,leisure,premium,363.73,200,199,0,9,0.203893
credit_off,4,23,0,clothing,budget,263.08,67,67,9,37,0.401198
credit_off,4,23,0,clothing,standard,412.78,67,67,22,11,0.401198
credit_off,4,23,0,clothing,premium,667.35,33,33,6,4,0.197605
credit_off,4,23,0,hobby,budget,349.26,33,33,7,35,0.440000
credit_off,4,23,0,hobby,standard,579.75,33,25,0,6,0.333333
credit_off,4,23,0,hobby,premium,1003.52,17,17,8,0,0.226667
credit_off,4,23,0,electronics,budget,627.30,11,11,1,46,0.392857
credit_off,4,23,0,electronics,standard,942.07,11,11,2,5,0.392857
credit_off,4,23,0,electronics,premium,1559.11,6,6,1,5,0.214286
credit_off,4,23,0,appliances,budget,740.13,4,3,0,18,0.333333
credit_off,4,23,0,appliances,standard,1028.44,4,4,2,1,0.444444
credit_off,4,23,0,appliances,premium,1529.52,2,2,1,2,0.222222
credit_off,4,24,0,food,budget,187.40,400,400,13,0,0.406504
credit_off,4,24,0,food,standard,331.22,400,400,35,26,0.406504
credit_off,4,24,0,food,premium,555.87,200,184,0,11,0.186992
credit_off,4,24,0,leisure,budget,117.65,400,400,3,1,0.407747
credit_off,4,24,0,leisure,standard,205.55,400,400,17,15,0.407747
credit_off,4,24,0,leisure,premium,363.63,200,181,0,9,0.184506
credit_off,4,24,0,clothing,budget,264.84,67,65,0,33,0.448276
credit_off,4,24,0,clothing,standard,419.55,67,56,0,6,0.386207
credit_off,4,24,0,clothing,premium,673.42,33,24,0,5,0.165517
credit_off,4,24,0,hobby,budget,352.96,33,33,1,41,0.412500
credit_off,4,24,0,hobby,standard,572.72,33,33,2,5,0.412500
credit_off,4,24,0,hobby,premium,1027.13,17,14,0,2,0.175000
credit_off,4,24,0,electronics,budget,630.15,11,7,0,47,0.350000
credit_off,4,24,0,electronics,standard,950.64,11,11,2,5,0.550000
credit_off,4,24,0,electronics,premium,1572.10,6,2,0,3,0.100000
credit_off,4,24,0,appliances,budget,730.88,4,4,3,20,0.666667
credit_off,4,24,0,appliances,standard,1054.15,4,2,0,4,0.333333
credit_off,4,24,0,appliances,premium,1567.76,2,0,0,0,0.000000
credit_off,4,25,0,food,budget,187.71,400,399,0,0,0.399800
credit_off,4,25,0,food,standard,332.67,400,399,0,27,0.399800
credit_off,4,25,0,food,premium,553.65,200,200,46,14,0.200401
credit_off,4,25,0,leisure,budget,117.69,400,387,0,1,0.394094
credit_off,4,25,0,leisure,standard,205.98,400,400,7,15,0.407332
credit_off,4,25,0,leisure,premium,361.91,200,195,0,16,0.198574
credit_off,4,25,0,clothing,budget,264.45,67,37,0,36,0.270073
credit_off,4,25,0,clothing,standard,416.11,67,67,1,6,0.489051
credit_off,4,25,0,clothing,premium,664.24,33,33,5,6,0.240876
credit_off,4,25,0,hobby,budget,353.50,33,24,0,40,0.387097
credit_off,4,25,0,hobby,standard,574.46,33,33,5,3,0.532258
credit_off,4,25,0,hobby,premium,1018.07,17,5,0,4,0.080645
credit_off,4,25,0,electronics,budget,618.70,11,11,4,50,0.478261
credit_off,4,25,0,electronics,standard,959.28,11,11,1,8,0.478261
credit_off,4,25,0,electronics,premium,1519.70,6,1,0,4,0.043478
credit_off,4,25,0,appliances,budget,758.28,4,0,0,21,0.000000
credit_off,4,25,0,appliances,standard,1027.79,4,4,0,0,0.666667
credit_off,4,25,0,appliances,premium,1489.37,2,2,2,2,0.333333
credit_off,4,26,0,food,budget,187.68,400,400,44,0,0.418410
credit_off,4,26,0,food,standard,332.63,400,400,34,22,0.418410
credit_off,4,26,0,food,premium,560.01,200,156,0,24,0.163180
credit_off,4,26,0,leisure,budget,117.50,400,392,0,0,0.397970
credit_off,4,26,0,leisure,standard,206.16,400,398,0,16,0.404061
credit_off,4,26,0,leisure,premium,361.45,200,195,0,6,0.197970
credit_off,4,26,0,clothing,budget,258.53,67,67,29,31,0.500000
credit_off,4,26,0,clothing,standard,416.42,67,47,0,8,0.350746
credit_off,4,26,0,clothing,premium,669.27,33,20,0,5,0.149254
credit_off,4,26,0,hobby,budget,348.68,33,25,0,43,0.342466
credit_off,4,26,0,hobby,standard,578.81,33,31,0,2,0.424658
credit_off,4,26,0,hobby,premium,982.14,17,17,2,3,0.232877
credit_off,4,26,0,electronics,budget,629.95,11,11,11,50,0.407407
credit_off,4,26,0,electronics,standard,963.64,11,11,8,1,0.407407
credit_off,4,26,0,electronics,premium,1456.38,6,5,0,8,0.185185
credit_off,4,26,0,appliances,budget,720.37,4,3,0,23,0.375000
credit_off,4,26,0,appliances,standard,1027.79,4,3,0,3,0.375000
credit_off,4,26,0,appliances,premium,1563.84,2,2,1,0,0.250000
credit_off,4,27,0,food,budget,188.72,400,399,0,0,0.399399
credit_off,4,27,0,food,standard,334.04,400,400,0,38,0.400400
credit_off,4,27,0,food,premium,553.85,200,200,49,20,0.200200
credit_off,4,27,0,leisure,budget,117.38,400,384,0,1,0.390244
credit_off,4,27,0,leisure,standard,206.11,400,400,2,24,0.406504
credit_off,4,27,0,leisure,premium,361.00,200,200,15,14,0.203252
credit_off,4,27,0,clothing,budget,264.12,67,67,15,33,0.401198
credit_off,4,27,0,clothing,standard,410.21,67,67,34,4,0.401198
credit_off,4,27,0,clothing,premium,656.09,33,33,3,6,0.197605
credit_off,4,27,0,hobby,budget,344.45,33,31,0,36,0.413333
credit_off,4,27,0,hobby,standard,577.06,33,27,0,6,0.360000
credit_off,4,27,0,hobby,premium,987.91,17,17,2,3,0.226667
credit_off,4,27,0,electronics,budget,661.44,11,9,0,42,0.346154
credit_off,4,27,0,electronics,standard,998.68,11,11,3,4,0.423077
credit_off,4,27,0,electronics,premium,1444.24,6,6,4,7,0.230769
credit_off,4,27,0,appliances,budget,711.36,4,4,1,27,0.444444
credit_off,4,27,0,appliances,standard,1014.95,4,4,2,2,0.444444
credit_off,4,27,0,appliances,premium,1602.94,2,1,0,1,0.111111
credit_off,4,28,0,food,budget,188.69,400,400,10,0,0.404449
credit_off,4,28,0,food,standard,334.04,400,398,0,29,0.402427
credit_off,4,28,0,food,premium,560.64,200,191,0,15,0.193124
credit_off,4,28,0,leisure,budget,117.15,400,400,4,1,0.407747
credit_off,4,28,0,leisure,standard,206.16,400,387,0,22,0.394495
credit_off,4,28,0,leisure,premium,362.36,200,194,0,12,0.197757
credit_off,4,28,0,clothing,budget,267.08,67,51,0,34,0.337748
credit_off,4,28,0,clothing,standard,420.61,67,67,2,10,0.443709
credit_off,4,28,0,clothing,premium,659.07,33,33,18,4,0.218543
credit_off,4,28,0,hobby,budget,343.41,33,30,0,42,0.389610
credit_off,4,28,0,hobby,standard,571.81,33,30,0,2,0.389610
credit_off,4,28,0,hobby,premium,993.72,17,17,6,4,0.220779
credit_off,4,28,0,electronics,budget,655.43,11,11,3,51,0.523810
credit_off,4,28,0,electronics,standard,1012.30,11,4,0,4,0.190476
credit_off,4,28,0,electronics,premium,1492.38,6,6,1,3,0.285714
credit_off,4,28,0,appliances,budget,720.26,4,4,0,29,0.444444
credit_off,4,28,0,appliances,standard,1040.32,4,4,1,3,0.444444
credit_off,4,28,0,appliances,premium,1562.86,2,1,0,0,0.111111
credit_off,4,29,0,food,budget,188.93,400,400,47,0,0.421053
credit_off,4,29,0,food,standard,333.96,400,367,0,44,0.386316
credit_off,4,29,0,food,premium,559.38,200,183,0,15,0.192632
credit_off,4,29,0,leisure,budget,117.21,400,400,0,0,0.407747
credit_off,4,29,0,leisure,standard,205.83,400,400,15,21,0.407747
credit_off,4,29,0,leisure,premium,361.81,200,181,0,15,0.184506
credit_off,4,29,0,clothing,budget,263.89,67,67,22,34,0.435065
credit_off,4,29,0,clothing,standard,421.24,67,54,0,8,0.350649
credit_off,4,29,0,clothing,premium,677.04,33,33,2,4,0.214286
credit_off,4,29,0,hobby,budget,341.85,33,33,4,41,0.407407
credit_off,4,29,0,hobby,standard,569.21,33,33,1,4,0.407407
credit_off,4,29,0,hobby,premium,1011.26,17,15,0,1,0.185185
credit_off,4,29,0,electronics,budget,664.37,11,8,0,53,0.421053
credit_off,4,29,0,electronics,standard,980.09,11,6,0,8,0.315789
credit_off,4,29,0,electronics,premium,1504.82,6,5,0,3,0.263158
credit_off,4,29,0,appliances,budget,720.26,4,4,0,25,0.400000
credit_off,4,29,0,appliances,standard,1053.32,4,4,0,4,0.400000
credit_off,4,29,0,appliances,premium,1523.79,2,2,2,2,0.200000
credit_off,4,30,0,food,budget,190.04,400,400,0,0,0.400000
credit_off,4,30,0,food,standard,332.58,400,400,29,31,0.400000
credit_off,4,30,0,food,premium,557.00,200,200,12,16,0.200000
credit_off,4,30,0,leisure,budget,117.21,400,382,0,1,0.389002
credit_off,4,30,0,leisure,standard,206.22,400,400,5,23,0.407332
credit_off,4,30,0,leisure,premium,360.09,200,200,7,9,0.203666
credit_off,4,30,0,clothing,budget,268.22,67,59,0,40,0.388158
credit_off,4,30,0,clothing,standard,417.16,67,67,20,7,0.440789
credit_off,4,30,0,clothing,premium,679.10,33,26,0,1,0.171053
credit_off,4,30,0,hobby,budget,343.92,33,31,0,38,0.476923
credit_off,4,30,0,hobby,standard,570.07,33,24,0,6,0.369231
credit_off,4,30,0,hobby,premium,1005.31,17,10,0,2,0.153846
credit_off,4,30,0,electronics,budget,655.31,11,9,0,55,0.391304
credit_off,4,30,0,electronics,standard,957.81,11,11,1,8,0.478261
credit_off,4,30,0,electronics,premium,1492.28,6,3,0,4,0.130435
credit_off,4,30,0,appliances,budget,720.26,4,4,1,26,0.800000
credit_off,4,30,0,appliances,standard,1053.32,4,0,0,4,0.000000
credit_off,4,30,0,appliances,premium,1599.98,2,1,0,0,0.200000
credit_off,4,31,0,food,budget,190.04,400,400,15,0,0.407747
credit_off,4,31,0,food,standard,333.79,400,400,17,39,0.407747
credit_off,4,31,0,food,premium,558.67,200,181,0,20,0.184506
credit_off,4,31,0,leisure,budget,116.94,400,395,0,0,0.401423
credit_off,4,31,0,leisure,standard,206.34,400,390,0,25,0.396341
credit_off,4,31,0,leisure,premium,360.72,200,199,0,11,0.202236
credit_off,4,31,0,clothing,budget,266.62,67,57,0,36,0.401408
credit_off,4,31,0,clothing,standard,423.38,67,52,0,12,0.366197
credit_off,4,31,0,clothing,premium,671.89,33,33,2,4,0.232394
credit_off,4,31,0,hobby,budget,342.88,33,33,1,40,0.397590
credit_off,4,31,0,hobby,standard,562.30,33,33,1,6,0.397590
credit_off,4,31,0,hobby,premium,984.61,17,17,3,0,0.204819
credit_off,4,31,0,electronics,budget,649.35,11,10,0,59,0.370370
credit_off,4,31,0,electronics,standard,962.17,11,11,1,9,0.407407
credit_off,4,31,0,electronics,premium,1454.97,6,6,3,6,0.222222
credit_off,4,31,0,appliances,budget,729.26,4,4,6,30,1.000000
credit_off,4,31,0,appliances,standard,1000.66,4,0,0,4,0.000000
credit_off,4,31,0,appliances,premium,1559.98,2,0,0,0,0.000000
credit_off,4,32,0,food,budget,190.40,400,399,0,0,0.399399
credit_off,4,32,0,food,standard,334.50,400,400,15,34,0.400400
credit_off,4,32,0,food,premium,556.02,200,200,33,17,0.200200
credit_off,4,32,0,leisure,budget,116.87,400,389,0,1,0.395727
credit_off,4,32,0,leisure,standard,206.09,400,394,0,17,0.400814
credit_off,4,32,0,leisure,premium,360.63,200,200,10,12,0.203459
credit_off,4,32,0,clothing,budget,264.63,67,53,0,31,0.395522
credit_off,4,32,0,clothing,standard,418.64,67,55,0,10,0.410448
credit_off,4,32,0,clothing,premium,673.93,33,26,0,6,0.194030
credit_off,4,32,0,hobby,budget,343.40,33,29,0,44,0.386667
credit_off,4,32,0,hobby,standard,563.15,33,33,7,4,0.440000
credit_off,4,32,0,hobby,premium,993.30,17,13,0,4,0.173333
credit_off,4,32,0,electronics,budget,646.40,11,10,0,61,0.434783
credit_off,4,32,0,electronics,standard,966.54,11,7,0,10,0.304348
credit_off,4,32,0,electronics,premium,1491.35,6,6,0,5,0.260870
credit_off,4,32,0,appliances,budget,765.72,4,4,4,22,0.400000
credit_off,4,32,0,appliances,standard,950.62,4,4,2,2,0.400000
credit_off,4,32,0,appliances,premium,1481.98,2,2,1,2,0.200000
credit_off,4,33,0,food,budget,190.37,400,400,6,0,0.403226
credit_off,4,33,0,food,standard,335.12,400,392,0,36,0.395161
credit_off,4,33,0,food,premium,560.60,200,200,0,19,0.201613
credit_off,4,33,0,leisure,budget,116.71,400,400,6,0,0.407332
credit_off,4,33,0,leisure,standard,205.93,400,382,0,17,0.389002
credit_off,4,33,0,leisure,premium,361.54,200,200,0,13,0.203666
credit_off,4,33,0,clothing,budget,261.87,67,67,12,29,0.408537
credit_off,4,33,0,clothing,standard,414.89,67,67,3,8,0.408537
credit_off,4,33,0,clothing,premium,666.78,33,30,0,10,0.182927
credit_off,4,33,0,hobby,budget,341.31,33,33,7,44,0.417722
credit_off,4,33,0,hobby,standard,569.13,33,31,0,6,0.392405
credit_off,4,33,0,hobby,premium,981.62,17,15,0,3,0.189873
credit_off,4,33,0,electronics,budget,643.46,11,6,0,67,0.260870
credit_off,4,33,0,electronics,standard,948.97,11,11,0,5,0.478261
credit_off,4,33,0,electronics,premium,1491.35,6,6,2,5,0.260870
credit_off,4,33,0,appliances,budget,804.01,4,1,0,21,0.250000
credit_off,4,33,0,appliances,standard,974.39,4,2,0,1,0.500000
credit_off,4,33,0,appliances,premium,1519.03,2,1,0,2,0.250000
credit_off,4,34,0,food,budget,190.51,400,400,28,0,0.411946
credit_off,4,34,0,food,standard,334.79,400,371,0,38,0.382080
credit_off,4,34,0,food,premium,560.60,200,200,7,14,0.205973
credit_off,4,34,0,leisure,budget,116.80,400,395,0,3,0.401423
credit_off,4,34,0,leisure,standard,205.47,400,389,0,22,0.395325
credit_off,4,34,0,leisure,premium,361.54,200,200,0,15,0.203252
credit_off,4,34,0,clothing,budget,264.21,67,66,0,29,0.397590
credit_off,4,34,0,clothing,standard,415.82,67,67,6,13,0.403614
credit_off,4,34,0,clothing,premium,663.75,33,33,4,2,0.198795
credit_off,4,34,0,hobby,budget,344.93,33,33,1,40,0.397590
credit_off,4,34,0,hobby,standard,567.40,33,33,3,5,0.397590
credit_off,4,34,0,hobby,premium,975.84,17,17,2,2,0.204819
credit_off,4,34,0,electronics,budget,628.84,11,11,3,70,0.478261
credit_off,4,34,0,electronics,standard,948.97,11,6,0,8,0.260870
credit_off,4,34,0,electronics,premium,1516.20,6,6,0,2,0.260870
credit_off,4,34,0,appliances,budget,773.86,4,2,0,26,0.333333
credit_off,4,34,0,appliances,standard,950.03,4,3,0,2,0.500000
credit_off,4,34,0,appliances,premium,1481.06,2,1,0,1,0.166667
credit_off,4,35,0,food,budget,191.18,400,400,31,0,0.414079
credit_off,4,35,0,food,standard,333.58,400,400,24,34,0.414079
credit_off,4,35,0,food,premium,561.58,200,166,0,21,0.171843
credit_off,4,35,0,leisure,budget,116.72,400,390,0,0,0.397149
credit_off,4,35,0,leisure,standard,205.19,400,396,0,16,0.403259
credit_off,4,35,0,leisure,premium,361.54,200,196,0,9,0.199593
credit_off,4,35,0,clothing,budget,264.01,67,54,0,29,0.352941
credit_off,4,35,0,clothing,standard,417.68,67,66,0,10,0.431373
credit_off,4,35,0,clothing,premium,667.77,33,33,8,7,0.215686
credit_off,4,35,0,hobby,budget,345.46,33,23,0,41,0.315068
credit_off,4,35,0,hobby,standard,569.98,33,33,0,4,0.452055
credit_off,4,35,0,hobby,premium,981.58,17,17,7,1,0.232877
credit_off,4,35,0,electronics,budget,637.41,11,7,0,71,0.291667
credit_off,4,35,0,electronics,standard,927.40,11,11,1,6,0.458333
credit_off,4,35,0,electronics,premium,1516.20,6,6,1,3,0.250000
credit_off,4,35,0,appliances,budget,754.51,4,2,0,35,0.285714
credit_off,4,35,0,appliances,standard,938.16,4,4,2,0,0.571429
credit_off,4,35,0,appliances,premium,1444.03,2,1,0,2,0.142857
credit_off,4,36,0,food,budget,191.92,400,395,0,0,0.396985
credit_off,4,36,0,food,standard,334.58,400,400,32,28,0.402010
credit_off,4,36,0,food,premium,556.81,200,200,5,11,0.201005
credit_off,4,36,0,leisure,budget,116.58,400,398,0,1,0.407369
credit_off,4,36,0,leisure,standard,205.08,400,400,30,17,0.409417
credit_off,4,36,0,leisure,premium,361.17,200,179,0,14,0.183214
credit_off,4,36,0,clothing,budget,261.45,67,60,0,34,0.392157
credit_off,4,36,0,clothing,standard,417.37,67,67,2,6,0.437908
credit_off,4,36,0,clothing,premium,675.87,33,26,0,0,0.169935
credit_off,4,36,0,hobby,budget,340.22,33,33,1,39,0.423077
credit_off,4,36,0,hobby,standard,569.98,33,33,1,5,0.423077
credit_off,4,36,0,hobby,premium,1001.79,17,12,0,4,0.153846
credit_off,4,36,0,electronics,budget,625.82,11,10,0,73,0.370370
credit_off,4,36,0,electronics,standard,931.62,11,11,2,4,0.407407
credit_off,4,36,0,electronics,premium,1528.84,6,6,2,2,0.222222
credit_off,4,36,0,appliances,budget,735.65,4,3,0,30,0.500000
credit_off,4,36,0,appliances,standard,961.61,4,3,0,3,0.500000
credit_off,4,36,0,appliances,premium,1407.93,2,0,0,2,0.000000
credit_off,4,37,0,food,budget,191.80,400,400,24,0,0.411100
credit_off,4,37,0,food,standard,335.91,400,373,0,29,0.383350
credit_off,4,37,0,food,premium,557.51,200,200,6,14,0.205550
credit_off,4,37,0,leisure,budget,116.55,400,392,0,0,0.399185
credit_off,4,37,0,leisure,standard,205.85,400,400,0,20,0.407332
credit_off,4,37,0,leisure,premium,359.28,200,190,0,15,0.193483
credit_off,4,37,0,clothing,budget,260.09,67,48,0,34,0.338028
credit_off,4,37,0,clothing,standard,418.00,67,61,0,8,0.429577
credit_off,4,37,0,clothing,premium,668.70,33,33,5,6,0.232394
credit_off,4,37,0,hobby,budget,340.74,33,20,0,38,0.312500
credit_off,4,37,0,hobby,standard,570.84,33,32,0,3,0.500000
credit_off,4,37,0,hobby,premium,987.06,17,12,0,2,0.187500
credit_off,4,37,0,electronics,budget,622.98,11,5,0,74,0.333333
credit_off,4,37,0,electronics,standard,940.08,11,5,0,2,0.333333
credit_off,4,37,0,electronics,premium,1554.32,6,5,0,0,0.333333
credit_off,4,37,0,appliances,budget,726.45,4,4,5,32,0.571429
credit_off,4,37,0,appliances,standard,949.59,4,2,0,4,0.285714
credit_off,4,37,0,appliances,premium,1337.53,2,1,0,2,0.142857
credit_off,4,38,0,food,budget,192.38,400,400,21,0,0.409417
credit_off,4,38,0,food,standard,334.78,400,400,34,29,0.409417
credit_off,4,38,0,food,premium,558.34,200,177,0,16,0.181167
credit_off,4,38,0,leisure,budget,116.43,400,399,0,1,0.406314
credit_off,4,38,0,leisure,standard,205.85,400,390,0,21,0.397149
credit_off,4,38,0,leisure,premium,358.38,200,193,0,14,0.196538
credit_off,4,38,0,clothing,budget,256.40,67,67,3,37,0.503759
credit_off,4,38,0,clothing,standard,416.12,67,44,0,10,0.330827
credit_off,4,38,0,clothing,premium,673.76,33,22,0,5,0.165414
credit_off,4,38,0,hobby,budget,334.03,33,31,0,38,0.418919
credit_off,4,38,0,hobby,standard,569.98,33,26,0,2,0.351351
credit_off,4,38,0,hobby,premium,972.54,17,17,2,4,0.229730
credit_off,4,38,0,electronics,budget,605.99,11,8,0,80,0.320000
credit_off,4,38,0,electronics,standard,914.45,11,11,0,7,0.440000
credit_off,4,38,0,electronics,premium,1541.37,6,6,0,3,0.240000
credit_off,4,38,0,appliances,budget,762.78,4,4,1,28,0.400000
credit_off,4,38,0,appliances,standard,925.85,4,4,2,2,0.400000
credit_off,4,38,0,appliances,premium,1304.09,2,2,1,3,0.200000
credit_off,4,39,0,food,budget,192.88,400,398,0,0,0.398798
credit_off,4,39,0,food,standard,336.20,400,400,32,33,0.400802
credit_off,4,39,0,food,premium,555.13,200,200,26,16,0.200401
credit_off,4,39,0,leisure,budget,116.42,400,391,0,0,0.396552
credit_off,4,39,0,leisure,standard,205.59,400,395,0,17,0.400609
credit_off,4,39,0,leisure,premium,357.75,200,200,14,12,0.202840
credit_off,4,39,0,clothing,budget,256.97,67,67,7,37,0.435065
credit_off,4,39,0,clothing,standard,408.98,67,67,16,7,0.435065
credit_off,4,39,0,clothing,premium,662.54,33,20,0,6,0.129870
credit_off,4,39,0,hobby,budget,333.01,33,30,0,37,0.389610
credit_off,4,39,0,hobby,standard,563.93,33,30,0,4,0.389610
credit_off,4,39,0,hobby,premium,978.26,17,17,1,2,0.220779
credit_off,4,39,0,electronics,budget,597.72,11,11,14,83,0.647059
credit_off,4,39,0,electronics,standard,914.45,11,5,0,6,0.294118
credit_off,4,39,0,electronics,premium,1541.37,6,1,0,2,0.058824
credit_off,4,39,0,appliances,budget,772.31,4,4,3,27,0.400000
credit_off,4,39,0,appliances,standard,949.00,4,4,2,2,0.400000
credit_off,4,39,0,appliances,premium,1336.70,2,2,3,1,0.200000
credit_off,4,40,0,food,budget,192.83,400,399,0,0,0.399399
credit_off,4,40,0,food,standard,337.55,400,400,4,29,0.400400
credit_off,4,40,0,food,premium,558.74,200,200,12,15,0.200200
credit_off,4,40,0,leisure,budget,116.29,400,400,2,1,0.407332
credit_off,4,40,0,leisure,standard,205.47,400,383,0,21,0.390020
credit_off,4,40,0,leisure,premium,359.01,200,199,0,17,0.202648
credit_off,4,40,0,clothing,budget,258.32,67,67,2,39,0.401198
credit_off,4,40,0,clothing,standard,413.86,67,67,10,8,0.401198
credit_off,4,40,0,clothing,premium,649.49,33,33,27,3,0.197605
credit_off,4,40,0,hobby,budget,331.50,33,32,0,36,0.395062
credit_off,4,40,0,hobby,standard,561.37,33,32,0,5,0.395062
credit_off,4,40,0,hobby,premium,981.14,17,17,4,4,0.209877
credit_off,4,40,0,electronics,budget,627.61,11,11,12,77,0.392857
credit_off,4,40,0,electronics,standard,889.51,11,11,5,6,0.392857
credit_off,4,40,0,electronics,premium,1477.14,6,6,3,2,0.214286
credit_off,4,40,0,appliances,budget,801.27,4,2,0,23,0.285714
credit_off,4,40,0,appliances,standard,972.72,4,3,0,2,0.428571
credit_off,4,40,0,appliances,premium,1403.53,2,2,1,2,0.285714
credit_off,4,41,0,food,budget,192.81,400,400,40,0,0.417973
credit_off,4,41,0,food,standard,337.72,400,363,0,37,0.379310
credit_off,4,41,0,food,premium,560.42,200,194,0,16,0.202717
credit_off,4,41,0,leisure,budget,116.32,400,400,6,1,0.409417
credit_off,4,41,0,leisure,standard,205.03,400,400,16,17,0.409417
credit_off,4,41,0,leisure,premium,358.92,200,177,0,15,0.181167
credit_off,4,41,0,clothing,budget,258.70,67,60,0,35,0.387097
credit_off,4,41,0,clothing,standard,416.95,67,67,8,4,0.432258
credit_off,4,41,0,clothing,premium,676.06,33,28,0,8,0.180645
credit_off,4,41,0,hobby,budget,331.00,33,31,0,36,0.402597
credit_off,4,41,0,hobby,standard,560.52,33,33,4,4,0.428571
credit_off,4,41,0,hobby,premium,992.68,17,13,0,2,0.168831
credit_off,4,41,0,electronics,budget,658.99,11,8,0,72,0.320000
credit_off,4,41,0,electronics,standard,909.72,11,11,1,7,0.440000
credit_off,4,41,0,electronics,premium,1514.07,6,6,0,1,0.240000
credit_off,4,41,0,appliances,budget,781.24,4,2,0,25,0.333333
credit_off,4,41,0,appliances,standard,960.56,4,2,0,2,0.333333
credit_off,4,41,0,appliances,premium,1438.62,2,2,0,2,0.333333
credit_off,4,42,0,food,budget,193.77,400,400,21,0,0.409836
credit_off,4,42,0,food,standard,336.15,400,400,39,25,0.409836
credit_off,4,42,0,food,premium,559.58,200,176,0,13,0.180328
credit_off,4,42,0,leisure,budget,116.40,400,390,0,0,0.396745
credit_off,4,42,0,leisure,standard,205.44,400,393,0,15,0.399797
credit_off,4,42,0,leisure,premium,356.85,200,200,2,10,0.203459
credit_off,4,42,0,clothing,budget,257.35,67,67,34,33,0.531746
credit_off,4,42,0,clothing,standard,419.44,67,37,0,4,0.293651
credit_off,4,42,0,clothing,premium,670.93,33,22,0,1,0.174603
credit_off,4,42,0,hobby,budget,330.00,33,32,0,37,0.457143
credit_off,4,42,0,hobby,standard,563.92,33,28,0,0,0.400000
credit_off,4,42,0,hobby,premium,981.01,17,10,0,4,0.142857
credit_off,4,42,0,electronics,budget,650.00,11,8,0,74,0.380952
credit_off,4,42,0,electronics,standard,913.86,11,8,0,8,0.380952
credit_off,4,42,0,electronics,premium,1514.07,6,5,0,1,0.238095
credit_off,4,42,0,appliances,budget,761.71,4,2,0,30,0.285714
credit_off,4,42,0,appliances,standard,936.55,4,4,0,2,0.571429
credit_off,4,42,0,appliances,premium,1438.62,2,1,0,1,0.142857
credit_off,4,43,0,food,budget,194.28,400,396,0,0,0.397590
credit_off,4,43,0,food,standard,337.79,400,400,26,35,0.401606
credit_off,4,43,0,food,premium,556.22,200,200,35,17,0.200803
credit_off,4,43,0,leisure,budget,116.26,400,389,0,2,0.397344
credit_off,4,43,0,leisure,standard,205.26,400,390,0,21,0.398366
credit_off,4,43,0,leisure,premium,357.03,200,200,11,18,0.204290
credit_off,4,43,0,clothing,budget,263.88,67,67,17,28,0.413580
credit_off,4,43,0,clothing,standard,410.05,67,67,32,10,0.413580
credit_off,4,43,0,clothing,premium,659.75,33,28,0,5,0.172840
credit_off,4,43,0,hobby,budget,329.50,33,33,13,36,0.452055
credit_off,4,43,0,hobby,standard,559.64,33,23,0,2,0.315068
credit_off,4,43,0,hobby,premium,960.81,17,17,3,1,0.232877
credit_off,4,43,0,electronics,budget,641.14,11,11,1,74,0.440000
credit_off,4,43,0,electronics,standard,901.40,11,11,6,5,0.440000
credit_off,4,43,0,electronics,premium,1501.45,6,3,0,4,0.120000
credit_off,4,43,0,appliances,budget,742.67,4,4,5,32,0.400000
credit_off,4,43,0,appliances,standard,936.55,4,4,2,2,0.400000
credit_off,4,43,0,appliances,premium,1402.65,2,2,2,1,0.200000
credit_off,4,44,0,food,budget,194.19,400,400,19,0,0.410256
credit_off,4,44,0,food,standard,338.89,400,378,0,35,0.387692
credit_off,4,44,0,food,premium,561.09,200,197,0,17,0.202051
credit_off,4,44,0,leisure,budget,116.10,400,399,0,0,0.405900
credit_off,4,44,0,leisure,standard,205.00,400,389,0,21,0.395727
credit_off,4,44,0,leisure,premium,358.01,200,195,0,16,0.198372
credit_off,4,44,0,clothing,budget,267.23,67,51,0,31,0.356643
credit_off,4,44,0,clothing,standard,419.84,67,59,0,8,0.412587
credit_off,4,44,0,clothing,premium,654.75,33,33,16,7,0.230769
credit_off,4,44,0,hobby,budget,335.99,33,33,7,31,0.397590
credit_off,4,44,0,hobby,standard,551.16,33,33,9,9,0.397590
credit_off,4,44,0,hobby,premium,969.29,17,17,0,2,0.204819
credit_off,4,44,0,electronics,budget,644.05,11,10,0,73,0.434783
credit_off,4,44,0,electronics,standard,925.98,11,10,0,10,0.434783
credit_off,4,44,0,electronics,premium,1463.92,6,3,0,5,0.130435
credit_off,4,44,0,appliances,budget,779.80,4,3,0,25,0.428571
credit_off,4,44,0,appliances,standard,959.96,4,4,1,2,0.571429
credit_off,4,44,0,appliances,premium,1472.79,2,0,0,2,0.000000
credit_off,4,45,0,food,budget,194.65,400,396,0,0,0.397590
credit_off,4,45,0,food,standard,337.96,400,400,5,33,0.401606
credit_off,4,45,0,food,premium,560.66,200,200,0,22,0.200803
credit_off,4,45,0,leisure,budget,116.08,400,394,0,1,0.398785
credit_off,4,45,0,leisure,standard,204.72,400,394,0,19,0.398785
credit_off,4,45,0,leisure,premium,357.56,200,200,3,11,0.202429
credit_off,4,45,0,clothing,budget,264.04,67,64,0,34,0.412903
credit_off,4,45,0,clothing,standard,417.34,67,64,0,10,0.412903
credit_off,4,45,0,clothing,premium,670.63,33,27,0,6,0.174194
credit_off,4,45,0,hobby,budget,339.55,33,27,0,39,0.350649
credit_off,4,45,0,hobby,standard,558.68,33,33,6,4,0.428571
credit_off,4,45,0,hobby,premium,969.29,17,17,2,2,0.220779
credit_off,4,45,0,electronics,budget,641.13,11,6,0,79,0.285714
credit_off,4,45,0,electronics,standard,921.77,11,11,1,5,0.523810
credit_off,4,45,0,electronics,premium,1427.32,6,4,0,7,0.190476
credit_off,4,45,0,appliances,budget,770.05,4,3,0,28,0.500000
credit_off,4,45,0,appliances,standard,971.96,4,2,0,3,0.333333
credit_off,4,45,0,appliances,premium,1399.15,2,1,0,2,0.166667
credit_off,4,46,0,food,budget,194.55,400,400,11,0,0.405680
credit_off,4,46,0,food,standard,338.17,400,386,0,41,0.391481
credit_off,4,46,0,food,premium,560.66,200,200,9,13,0.202840
credit_off,4,46,0,leisure,budget,116.00,400,400,12,1,0.412371
credit_off,4,46,0,leisure,standard,204.57,400,370,0,20,0.381443
credit_off,4,46,0,leisure,premium,357.83,200,200,15,10,0.206186
credit_off,4,46,0,clothing,budget,263.44,67,60,0,36,0.377358
credit_off,4,46,0,clothing,standard,416.40,67,66,0,15,0.415094
credit_off,4,46,0,clothing,premium,664.53,33,33,11,1,0.207547
credit_off,4,46,0,hobby,budget,336.46,33,33,12,41,0.452055
credit_off,4,46,0,hobby,standard,563.76,33,27,0,4,0.369863
credit_off,4,46,0,hobby,premium,974.99,17,13,0,2,0.178082
credit_off,4,46,0,electronics,budget,626.56,11,11,2,78,0.392857
credit_off,4,46,0,electronics,standard,925.96,11,11,3,7,0.392857
credit_off,4,46,0,electronics,premium,1403.53,6,6,5,4,0.214286
credit_off,4,46,0,appliances,budget,760.43,4,4,1,31,0.400000
credit_off,4,46,0,appliances,standard,947.66,4,4,1,3,0.400000
credit_off,4,46,0,appliances,premium,1364.17,2,2,1,3,0.200000
credit_off,4,47,0,food,budget,194.82,400,400,4,0,0.403633
credit_off,4,47,0,food,standard,337.58,400,399,0,28,0.402624
credit_off,4,47,0,food,premium,561.93,200,192,0,10,0.193744
credit_off,4,47,0,leisure,budget,116.17,400,395,0,2,0.403473
credit_off,4,47,0,leisure,standard,203.80,400,397,0,21,0.405516
credit_off,4,47,0,leisure,premium,359.17,200,187,0,13,0.191011
credit_off,4,47,0,clothing,budget,262.07,67,67,4,34,0.421384
credit_off,4,47,0,clothing,standard,416.09,67,63,0,12,0.396226
credit_off,4,47,0,clothing,premium,675.60,33,29,0,5,0.182390
credit_off,4,47,0,hobby,budget,342.58,33,33,6,42,0.397590
credit_off,4,47,0,hobby,standard,558.63,33,33,2,4,0.397590
credit_off,4,47,0,hobby,premium,963.52,17,17,8,1,0.204819
credit_off,4,47,0,electronics,budget,632.25,11,9,0,85,0.428571
credit_off,4,47,0,electronics,standard,938.59,11,7,0,8,0.333333
credit_off,4,47,0,electronics,premium,1462.01,6,5,0,2,0.238095
credit_off,4,47,0,appliances,budget,769.93,4,1,0,30,0.250000
credit_off,4,47,0,appliances,standard,959.51,4,2,0,1,0.500000
credit_off,4,47,0,appliances,premium,1398.27,2,1,0,2,0.250000
credit_off,4,48,0,food,budget,194.91,400,400,9,0,0.406091
credit_off,4,48,0,food,standard,337.54,400,400,18,33,0.406091
credit_off,4,48,0,food,premium,560.80,200,185,0,16,0.187817
credit_off,4,48,0,leisure,budget,116.10,400,391,0,0,0.400205
credit_off,4,48,0,leisure,standard,203.72,400,400,12,16,0.409417
credit_off,4,48,0,leisure,premium,358.01,200,186,0,11,0.190379
credit_off,4,48,0,clothing,budget,262.85,67,58,0,32,0.429630
credit_off,4,48,0,clothing,standard,414.85,67,54,0,7,0.400000
credit_off,4,48,0,clothing,premium,671.51,33,23,0,2,0.170370
credit_off,4,48,0,hobby,budget,345.69,33,27,0,40,0.350649
credit_off,4,48,0,hobby,standard,560.33,33,33,1,6,0.428571
credit_off,4,48,0,hobby,premium,986.19,17,17,5,2,0.220779
credit_off,4,48,0,electronics,budget,626.50,11,10,0,81,0.384615
credit_off,4,48,0,electronics,standard,921.52,11,11,3,7,0.423077
credit_off,4,48,0,electronics,premium,1449.83,6,5,0,7,0.192308
credit_off,4,48,0,appliances,budget,741.06,4,2,0,45,0.285714
credit_off,4,48,0,appliances,standard,935.52,4,3,0,2,0.428571
credit_off,4,48,0,appliances,premium,1363.32,2,2,1,2,0.285714
